path	bytes	sha256	expected_sha256	status
.gitattributes				ERROR
README.md				ERROR
cases.parquet				ERROR
re1ob_adservice_cpu_1/inject_time.txt				ERROR
re1ob_adservice_cpu_1/metrics.parquet				ERROR
re1ob_adservice_cpu_2/inject_time.txt				ERROR
re1ob_adservice_cpu_2/metrics.parquet				ERROR
re1ob_adservice_cpu_3/inject_time.txt				ERROR
re1ob_adservice_cpu_3/metrics.parquet				ERROR
re1ob_adservice_cpu_4/inject_time.txt				ERROR
re1ob_adservice_cpu_4/metrics.parquet				ERROR
re1ob_adservice_cpu_5/inject_time.txt				ERROR
re1ob_adservice_cpu_5/metrics.parquet				ERROR
re1ob_adservice_delay_1/inject_time.txt				ERROR
re1ob_adservice_delay_1/metrics.parquet				ERROR
re1ob_adservice_delay_2/inject_time.txt				ERROR
re1ob_adservice_delay_2/metrics.parquet				ERROR
re1ob_adservice_delay_3/inject_time.txt				ERROR
re1ob_adservice_delay_3/metrics.parquet				ERROR
re1ob_adservice_delay_4/inject_time.txt				ERROR
re1ob_adservice_delay_4/metrics.parquet				ERROR
re1ob_adservice_delay_5/inject_time.txt				ERROR
re1ob_adservice_delay_5/metrics.parquet				ERROR
re1ob_adservice_disk_1/inject_time.txt				ERROR
re1ob_adservice_disk_1/metrics.parquet				ERROR
re1ob_adservice_disk_2/inject_time.txt				ERROR
re1ob_adservice_disk_2/metrics.parquet				ERROR
re1ob_adservice_disk_3/inject_time.txt				ERROR
re1ob_adservice_disk_3/metrics.parquet				ERROR
re1ob_adservice_disk_4/inject_time.txt				ERROR
re1ob_adservice_disk_4/metrics.parquet				ERROR
re1ob_adservice_disk_5/inject_time.txt				ERROR
re1ob_adservice_disk_5/metrics.parquet				ERROR
re1ob_adservice_loss_1/inject_time.txt				ERROR
re1ob_adservice_loss_1/metrics.parquet				ERROR
re1ob_adservice_loss_2/inject_time.txt				ERROR
re1ob_adservice_loss_2/metrics.parquet				ERROR
re1ob_adservice_loss_3/inject_time.txt				ERROR
re1ob_adservice_loss_3/metrics.parquet				ERROR
re1ob_adservice_loss_4/inject_time.txt				ERROR
re1ob_adservice_loss_4/metrics.parquet				ERROR
re1ob_adservice_loss_5/inject_time.txt				ERROR
re1ob_adservice_loss_5/metrics.parquet				ERROR
re1ob_adservice_mem_1/inject_time.txt				ERROR
re1ob_adservice_mem_1/metrics.parquet				ERROR
re1ob_adservice_mem_2/inject_time.txt				ERROR
re1ob_adservice_mem_2/metrics.parquet				ERROR
re1ob_adservice_mem_3/inject_time.txt				ERROR
re1ob_adservice_mem_3/metrics.parquet				ERROR
re1ob_adservice_mem_4/inject_time.txt				ERROR
re1ob_adservice_mem_4/metrics.parquet				ERROR
re1ob_adservice_mem_5/inject_time.txt				ERROR
re1ob_adservice_mem_5/metrics.parquet				ERROR
re1ob_cartservice_cpu_1/inject_time.txt				ERROR
re1ob_cartservice_cpu_1/metrics.parquet				ERROR
re1ob_cartservice_cpu_2/inject_time.txt				ERROR
re1ob_cartservice_cpu_2/metrics.parquet				ERROR
re1ob_cartservice_cpu_3/inject_time.txt				ERROR
re1ob_cartservice_cpu_3/metrics.parquet				ERROR
re1ob_cartservice_cpu_4/inject_time.txt				ERROR
re1ob_cartservice_cpu_4/metrics.parquet				ERROR
re1ob_cartservice_cpu_5/inject_time.txt				ERROR
re1ob_cartservice_cpu_5/metrics.parquet				ERROR
re1ob_cartservice_delay_1/inject_time.txt				ERROR
re1ob_cartservice_delay_1/metrics.parquet				ERROR
re1ob_cartservice_delay_2/inject_time.txt				ERROR
re1ob_cartservice_delay_2/metrics.parquet				ERROR
re1ob_cartservice_delay_3/inject_time.txt				ERROR
re1ob_cartservice_delay_3/metrics.parquet				ERROR
re1ob_cartservice_delay_4/inject_time.txt				ERROR
re1ob_cartservice_delay_4/metrics.parquet				ERROR
re1ob_cartservice_delay_5/inject_time.txt				ERROR
re1ob_cartservice_delay_5/metrics.parquet				ERROR
re1ob_cartservice_disk_1/inject_time.txt				ERROR
re1ob_cartservice_disk_1/metrics.parquet				ERROR
re1ob_cartservice_disk_2/inject_time.txt				ERROR
re1ob_cartservice_disk_2/metrics.parquet				ERROR
re1ob_cartservice_disk_3/inject_time.txt				ERROR
re1ob_cartservice_disk_3/metrics.parquet				ERROR
re1ob_cartservice_disk_4/inject_time.txt				ERROR
re1ob_cartservice_disk_4/metrics.parquet				ERROR
re1ob_cartservice_disk_5/inject_time.txt				ERROR
re1ob_cartservice_disk_5/metrics.parquet				ERROR
re1ob_cartservice_loss_1/inject_time.txt				ERROR
re1ob_cartservice_loss_1/metrics.parquet				ERROR
re1ob_cartservice_loss_2/inject_time.txt				ERROR
re1ob_cartservice_loss_2/metrics.parquet				ERROR
re1ob_cartservice_loss_3/inject_time.txt				ERROR
re1ob_cartservice_loss_3/metrics.parquet				ERROR
re1ob_cartservice_loss_4/inject_time.txt				ERROR
re1ob_cartservice_loss_4/metrics.parquet				ERROR
re1ob_cartservice_loss_5/inject_time.txt				ERROR
re1ob_cartservice_loss_5/metrics.parquet				ERROR
re1ob_cartservice_mem_1/inject_time.txt				ERROR
re1ob_cartservice_mem_1/metrics.parquet				ERROR
re1ob_cartservice_mem_2/inject_time.txt				ERROR
re1ob_cartservice_mem_2/metrics.parquet				ERROR
re1ob_cartservice_mem_3/inject_time.txt				ERROR
re1ob_cartservice_mem_3/metrics.parquet				ERROR
re1ob_cartservice_mem_4/inject_time.txt				ERROR
re1ob_cartservice_mem_4/metrics.parquet				ERROR
re1ob_cartservice_mem_5/inject_time.txt				ERROR
re1ob_cartservice_mem_5/metrics.parquet				ERROR
re1ob_checkoutservice_cpu_1/inject_time.txt				ERROR
re1ob_checkoutservice_cpu_1/metrics.parquet				ERROR
re1ob_checkoutservice_cpu_2/inject_time.txt				ERROR
re1ob_checkoutservice_cpu_2/metrics.parquet				ERROR
re1ob_checkoutservice_cpu_3/inject_time.txt				ERROR
re1ob_checkoutservice_cpu_3/metrics.parquet				ERROR
re1ob_checkoutservice_cpu_4/inject_time.txt				ERROR
re1ob_checkoutservice_cpu_4/metrics.parquet				ERROR
re1ob_checkoutservice_cpu_5/inject_time.txt				ERROR
re1ob_checkoutservice_cpu_5/metrics.parquet				ERROR
re1ob_checkoutservice_delay_1/inject_time.txt				ERROR
re1ob_checkoutservice_delay_1/metrics.parquet				ERROR
re1ob_checkoutservice_delay_2/inject_time.txt				ERROR
re1ob_checkoutservice_delay_2/metrics.parquet				ERROR
re1ob_checkoutservice_delay_3/inject_time.txt				ERROR
re1ob_checkoutservice_delay_3/metrics.parquet				ERROR
re1ob_checkoutservice_delay_4/inject_time.txt				ERROR
re1ob_checkoutservice_delay_4/metrics.parquet				ERROR
re1ob_checkoutservice_delay_5/inject_time.txt				ERROR
re1ob_checkoutservice_delay_5/metrics.parquet				ERROR
re1ob_checkoutservice_disk_1/inject_time.txt				ERROR
re1ob_checkoutservice_disk_1/metrics.parquet				ERROR
re1ob_checkoutservice_disk_2/inject_time.txt				ERROR
re1ob_checkoutservice_disk_2/metrics.parquet				ERROR
re1ob_checkoutservice_disk_3/inject_time.txt				ERROR
re1ob_checkoutservice_disk_3/metrics.parquet				ERROR
re1ob_checkoutservice_disk_4/inject_time.txt				ERROR
re1ob_checkoutservice_disk_4/metrics.parquet				ERROR
re1ob_checkoutservice_disk_5/inject_time.txt				ERROR
re1ob_checkoutservice_disk_5/metrics.parquet				ERROR
re1ob_checkoutservice_loss_1/inject_time.txt				ERROR
re1ob_checkoutservice_loss_1/metrics.parquet				ERROR
re1ob_checkoutservice_loss_2/inject_time.txt				ERROR
re1ob_checkoutservice_loss_2/metrics.parquet				ERROR
re1ob_checkoutservice_loss_3/inject_time.txt				ERROR
re1ob_checkoutservice_loss_3/metrics.parquet				ERROR
re1ob_checkoutservice_loss_4/inject_time.txt				ERROR
re1ob_checkoutservice_loss_4/metrics.parquet				ERROR
re1ob_checkoutservice_loss_5/inject_time.txt				ERROR
re1ob_checkoutservice_loss_5/metrics.parquet				ERROR
re1ob_checkoutservice_mem_1/inject_time.txt				ERROR
re1ob_checkoutservice_mem_1/metrics.parquet				ERROR
re1ob_checkoutservice_mem_2/inject_time.txt				ERROR
re1ob_checkoutservice_mem_2/metrics.parquet				ERROR
re1ob_checkoutservice_mem_3/inject_time.txt				ERROR
re1ob_checkoutservice_mem_3/metrics.parquet				ERROR
re1ob_checkoutservice_mem_4/inject_time.txt				ERROR
re1ob_checkoutservice_mem_4/metrics.parquet				ERROR
re1ob_checkoutservice_mem_5/inject_time.txt				ERROR
re1ob_checkoutservice_mem_5/metrics.parquet				ERROR
re1ob_currencyservice_cpu_1/inject_time.txt				ERROR
re1ob_currencyservice_cpu_1/metrics.parquet				ERROR
re1ob_currencyservice_cpu_2/inject_time.txt				ERROR
re1ob_currencyservice_cpu_2/metrics.parquet				ERROR
re1ob_currencyservice_cpu_3/inject_time.txt				ERROR
re1ob_currencyservice_cpu_3/metrics.parquet				ERROR
re1ob_currencyservice_cpu_4/inject_time.txt				ERROR
re1ob_currencyservice_cpu_4/metrics.parquet				ERROR
re1ob_currencyservice_cpu_5/inject_time.txt				ERROR
re1ob_currencyservice_cpu_5/metrics.parquet				ERROR
re1ob_currencyservice_delay_1/inject_time.txt				ERROR
re1ob_currencyservice_delay_1/metrics.parquet				ERROR
re1ob_currencyservice_delay_2/inject_time.txt				ERROR
re1ob_currencyservice_delay_2/metrics.parquet				ERROR
re1ob_currencyservice_delay_3/inject_time.txt				ERROR
re1ob_currencyservice_delay_3/metrics.parquet				ERROR
re1ob_currencyservice_delay_4/inject_time.txt				ERROR
re1ob_currencyservice_delay_4/metrics.parquet				ERROR
re1ob_currencyservice_delay_5/inject_time.txt				ERROR
re1ob_currencyservice_delay_5/metrics.parquet				ERROR
re1ob_currencyservice_disk_1/inject_time.txt				ERROR
re1ob_currencyservice_disk_1/metrics.parquet				ERROR
re1ob_currencyservice_disk_2/inject_time.txt				ERROR
re1ob_currencyservice_disk_2/metrics.parquet				ERROR
re1ob_currencyservice_disk_3/inject_time.txt				ERROR
re1ob_currencyservice_disk_3/metrics.parquet				ERROR
re1ob_currencyservice_disk_4/inject_time.txt				ERROR
re1ob_currencyservice_disk_4/metrics.parquet				ERROR
re1ob_currencyservice_disk_5/inject_time.txt				ERROR
re1ob_currencyservice_disk_5/metrics.parquet				ERROR
re1ob_currencyservice_loss_1/inject_time.txt				ERROR
re1ob_currencyservice_loss_1/metrics.parquet				ERROR
re1ob_currencyservice_loss_2/inject_time.txt				ERROR
re1ob_currencyservice_loss_2/metrics.parquet				ERROR
re1ob_currencyservice_loss_3/inject_time.txt				ERROR
re1ob_currencyservice_loss_3/metrics.parquet				ERROR
re1ob_currencyservice_loss_4/inject_time.txt				ERROR
re1ob_currencyservice_loss_4/metrics.parquet				ERROR
re1ob_currencyservice_loss_5/inject_time.txt				ERROR
re1ob_currencyservice_loss_5/metrics.parquet				ERROR
re1ob_currencyservice_mem_1/inject_time.txt				ERROR
re1ob_currencyservice_mem_1/metrics.parquet				ERROR
re1ob_currencyservice_mem_2/inject_time.txt				ERROR
re1ob_currencyservice_mem_2/metrics.parquet				ERROR
re1ob_currencyservice_mem_3/inject_time.txt				ERROR
re1ob_currencyservice_mem_3/metrics.parquet				ERROR
re1ob_currencyservice_mem_4/inject_time.txt				ERROR
re1ob_currencyservice_mem_4/metrics.parquet				ERROR
re1ob_currencyservice_mem_5/inject_time.txt				ERROR
re1ob_currencyservice_mem_5/metrics.parquet				ERROR
re1ob_productcatalogservice_cpu_1/inject_time.txt				ERROR
re1ob_productcatalogservice_cpu_1/metrics.parquet				ERROR
re1ob_productcatalogservice_cpu_2/inject_time.txt				ERROR
re1ob_productcatalogservice_cpu_2/metrics.parquet				ERROR
re1ob_productcatalogservice_cpu_3/inject_time.txt				ERROR
re1ob_productcatalogservice_cpu_3/metrics.parquet				ERROR
re1ob_productcatalogservice_cpu_4/inject_time.txt				ERROR
re1ob_productcatalogservice_cpu_4/metrics.parquet				ERROR
re1ob_productcatalogservice_cpu_5/inject_time.txt				ERROR
re1ob_productcatalogservice_cpu_5/metrics.parquet				ERROR
re1ob_productcatalogservice_delay_1/inject_time.txt				ERROR
re1ob_productcatalogservice_delay_1/metrics.parquet				ERROR
re1ob_productcatalogservice_delay_2/inject_time.txt				ERROR
re1ob_productcatalogservice_delay_2/metrics.parquet				ERROR
re1ob_productcatalogservice_delay_3/inject_time.txt				ERROR
re1ob_productcatalogservice_delay_3/metrics.parquet				ERROR
re1ob_productcatalogservice_delay_4/inject_time.txt				ERROR
re1ob_productcatalogservice_delay_4/metrics.parquet				ERROR
re1ob_productcatalogservice_delay_5/inject_time.txt				ERROR
re1ob_productcatalogservice_delay_5/metrics.parquet				ERROR
re1ob_productcatalogservice_disk_1/inject_time.txt				ERROR
re1ob_productcatalogservice_disk_1/metrics.parquet				ERROR
re1ob_productcatalogservice_disk_2/inject_time.txt				ERROR
re1ob_productcatalogservice_disk_2/metrics.parquet				ERROR
re1ob_productcatalogservice_disk_3/inject_time.txt				ERROR
re1ob_productcatalogservice_disk_3/metrics.parquet				ERROR
re1ob_productcatalogservice_disk_4/inject_time.txt				ERROR
re1ob_productcatalogservice_disk_4/metrics.parquet				ERROR
re1ob_productcatalogservice_disk_5/inject_time.txt				ERROR
re1ob_productcatalogservice_disk_5/metrics.parquet				ERROR
re1ob_productcatalogservice_loss_1/inject_time.txt				ERROR
re1ob_productcatalogservice_loss_1/metrics.parquet				ERROR
re1ob_productcatalogservice_loss_2/inject_time.txt				ERROR
re1ob_productcatalogservice_loss_2/metrics.parquet				ERROR
re1ob_productcatalogservice_loss_3/inject_time.txt				ERROR
re1ob_productcatalogservice_loss_3/metrics.parquet				ERROR
re1ob_productcatalogservice_loss_4/inject_time.txt				ERROR
re1ob_productcatalogservice_loss_4/metrics.parquet				ERROR
re1ob_productcatalogservice_loss_5/inject_time.txt				ERROR
re1ob_productcatalogservice_loss_5/metrics.parquet				ERROR
re1ob_productcatalogservice_mem_1/inject_time.txt				ERROR
re1ob_productcatalogservice_mem_1/metrics.parquet				ERROR
re1ob_productcatalogservice_mem_2/inject_time.txt				ERROR
re1ob_productcatalogservice_mem_2/metrics.parquet				ERROR
re1ob_productcatalogservice_mem_3/inject_time.txt				ERROR
re1ob_productcatalogservice_mem_3/metrics.parquet				ERROR
re1ob_productcatalogservice_mem_4/inject_time.txt				ERROR
re1ob_productcatalogservice_mem_4/metrics.parquet				ERROR
re1ob_productcatalogservice_mem_5/inject_time.txt				ERROR
re1ob_productcatalogservice_mem_5/metrics.parquet				ERROR
re1ss_carts_cpu_1/inject_time.txt				ERROR
re1ss_carts_cpu_1/metrics.parquet				ERROR
re1ss_carts_cpu_2/inject_time.txt				ERROR
re1ss_carts_cpu_2/metrics.parquet				ERROR
re1ss_carts_cpu_3/inject_time.txt				ERROR
re1ss_carts_cpu_3/metrics.parquet				ERROR
re1ss_carts_cpu_4/inject_time.txt				ERROR
re1ss_carts_cpu_4/metrics.parquet				ERROR
re1ss_carts_cpu_5/inject_time.txt				ERROR
re1ss_carts_cpu_5/metrics.parquet				ERROR
re1ss_carts_delay_1/inject_time.txt				ERROR
re1ss_carts_delay_1/metrics.parquet				ERROR
re1ss_carts_delay_2/inject_time.txt				ERROR
re1ss_carts_delay_2/metrics.parquet				ERROR
re1ss_carts_delay_3/inject_time.txt				ERROR
re1ss_carts_delay_3/metrics.parquet				ERROR
re1ss_carts_delay_4/inject_time.txt				ERROR
re1ss_carts_delay_4/metrics.parquet				ERROR
re1ss_carts_delay_5/inject_time.txt				ERROR
re1ss_carts_delay_5/metrics.parquet				ERROR
re1ss_carts_disk_1/inject_time.txt				ERROR
re1ss_carts_disk_1/metrics.parquet				ERROR
re1ss_carts_disk_2/inject_time.txt				ERROR
re1ss_carts_disk_2/metrics.parquet				ERROR
re1ss_carts_disk_3/inject_time.txt				ERROR
re1ss_carts_disk_3/metrics.parquet				ERROR
re1ss_carts_disk_4/inject_time.txt				ERROR
re1ss_carts_disk_4/metrics.parquet				ERROR
re1ss_carts_disk_5/inject_time.txt				ERROR
re1ss_carts_disk_5/metrics.parquet				ERROR
re1ss_carts_loss_1/inject_time.txt				ERROR
re1ss_carts_loss_1/metrics.parquet				ERROR
re1ss_carts_loss_2/inject_time.txt				ERROR
re1ss_carts_loss_2/metrics.parquet				ERROR
re1ss_carts_loss_3/inject_time.txt				ERROR
re1ss_carts_loss_3/metrics.parquet				ERROR
re1ss_carts_loss_4/inject_time.txt				ERROR
re1ss_carts_loss_4/metrics.parquet				ERROR
re1ss_carts_loss_5/inject_time.txt				ERROR
re1ss_carts_loss_5/metrics.parquet				ERROR
re1ss_carts_mem_1/inject_time.txt				ERROR
re1ss_carts_mem_1/metrics.parquet				ERROR
re1ss_carts_mem_2/inject_time.txt				ERROR
re1ss_carts_mem_2/metrics.parquet				ERROR
re1ss_carts_mem_3/inject_time.txt				ERROR
re1ss_carts_mem_3/metrics.parquet				ERROR
re1ss_carts_mem_4/inject_time.txt				ERROR
re1ss_carts_mem_4/metrics.parquet				ERROR
re1ss_carts_mem_5/inject_time.txt				ERROR
re1ss_carts_mem_5/metrics.parquet				ERROR
re1ss_catalogue_cpu_1/inject_time.txt				ERROR
re1ss_catalogue_cpu_1/metrics.parquet				ERROR
re1ss_catalogue_cpu_2/inject_time.txt				ERROR
re1ss_catalogue_cpu_2/metrics.parquet				ERROR
re1ss_catalogue_cpu_3/inject_time.txt				ERROR
re1ss_catalogue_cpu_3/metrics.parquet				ERROR
re1ss_catalogue_cpu_4/inject_time.txt				ERROR
re1ss_catalogue_cpu_4/metrics.parquet				ERROR
re1ss_catalogue_cpu_5/inject_time.txt				ERROR
re1ss_catalogue_cpu_5/metrics.parquet				ERROR
re1ss_catalogue_delay_1/inject_time.txt				ERROR
re1ss_catalogue_delay_1/metrics.parquet				ERROR
re1ss_catalogue_delay_2/inject_time.txt				ERROR
re1ss_catalogue_delay_2/metrics.parquet				ERROR
re1ss_catalogue_delay_3/inject_time.txt				ERROR
re1ss_catalogue_delay_3/metrics.parquet				ERROR
re1ss_catalogue_delay_4/inject_time.txt				ERROR
re1ss_catalogue_delay_4/metrics.parquet				ERROR
re1ss_catalogue_delay_5/inject_time.txt				ERROR
re1ss_catalogue_delay_5/metrics.parquet				ERROR
re1ss_catalogue_disk_1/inject_time.txt				ERROR
re1ss_catalogue_disk_1/metrics.parquet				ERROR
re1ss_catalogue_disk_2/inject_time.txt				ERROR
re1ss_catalogue_disk_2/metrics.parquet				ERROR
re1ss_catalogue_disk_3/inject_time.txt				ERROR
re1ss_catalogue_disk_3/metrics.parquet				ERROR
re1ss_catalogue_disk_4/inject_time.txt				ERROR
re1ss_catalogue_disk_4/metrics.parquet				ERROR
re1ss_catalogue_disk_5/inject_time.txt				ERROR
re1ss_catalogue_disk_5/metrics.parquet				ERROR
re1ss_catalogue_loss_1/inject_time.txt				ERROR
re1ss_catalogue_loss_1/metrics.parquet				ERROR
re1ss_catalogue_loss_2/inject_time.txt				ERROR
re1ss_catalogue_loss_2/metrics.parquet				ERROR
re1ss_catalogue_loss_3/inject_time.txt				ERROR
re1ss_catalogue_loss_3/metrics.parquet				ERROR
re1ss_catalogue_loss_4/inject_time.txt				ERROR
re1ss_catalogue_loss_4/metrics.parquet				ERROR
re1ss_catalogue_loss_5/inject_time.txt				ERROR
re1ss_catalogue_loss_5/metrics.parquet				ERROR
re1ss_catalogue_mem_1/inject_time.txt				ERROR
re1ss_catalogue_mem_1/metrics.parquet				ERROR
re1ss_catalogue_mem_2/inject_time.txt				ERROR
re1ss_catalogue_mem_2/metrics.parquet				ERROR
re1ss_catalogue_mem_3/inject_time.txt				ERROR
re1ss_catalogue_mem_3/metrics.parquet				ERROR
re1ss_catalogue_mem_4/inject_time.txt				ERROR
re1ss_catalogue_mem_4/metrics.parquet				ERROR
re1ss_catalogue_mem_5/inject_time.txt				ERROR
re1ss_catalogue_mem_5/metrics.parquet				ERROR
re1ss_orders_cpu_1/inject_time.txt				ERROR
re1ss_orders_cpu_1/metrics.parquet				ERROR
re1ss_orders_cpu_2/inject_time.txt				ERROR
re1ss_orders_cpu_2/metrics.parquet				ERROR
re1ss_orders_cpu_3/inject_time.txt				ERROR
re1ss_orders_cpu_3/metrics.parquet				ERROR
re1ss_orders_cpu_4/inject_time.txt				ERROR
re1ss_orders_cpu_4/metrics.parquet				ERROR
re1ss_orders_cpu_5/inject_time.txt				ERROR
re1ss_orders_cpu_5/metrics.parquet				ERROR
re1ss_orders_delay_1/inject_time.txt				ERROR
re1ss_orders_delay_1/metrics.parquet				ERROR
re1ss_orders_delay_2/inject_time.txt				ERROR
re1ss_orders_delay_2/metrics.parquet				ERROR
re1ss_orders_delay_3/inject_time.txt				ERROR
re1ss_orders_delay_3/metrics.parquet				ERROR
re1ss_orders_delay_4/inject_time.txt				ERROR
re1ss_orders_delay_4/metrics.parquet				ERROR
re1ss_orders_delay_5/inject_time.txt				ERROR
re1ss_orders_delay_5/metrics.parquet				ERROR
re1ss_orders_disk_1/inject_time.txt				ERROR
re1ss_orders_disk_1/metrics.parquet				ERROR
re1ss_orders_disk_2/inject_time.txt				ERROR
re1ss_orders_disk_2/metrics.parquet				ERROR
re1ss_orders_disk_3/inject_time.txt				ERROR
re1ss_orders_disk_3/metrics.parquet				ERROR
re1ss_orders_disk_4/inject_time.txt				ERROR
re1ss_orders_disk_4/metrics.parquet				ERROR
re1ss_orders_disk_5/inject_time.txt				ERROR
re1ss_orders_disk_5/metrics.parquet				ERROR
re1ss_orders_loss_1/inject_time.txt				ERROR
re1ss_orders_loss_1/metrics.parquet				ERROR
re1ss_orders_loss_2/inject_time.txt				ERROR
re1ss_orders_loss_2/metrics.parquet				ERROR
re1ss_orders_loss_3/inject_time.txt				ERROR
re1ss_orders_loss_3/metrics.parquet				ERROR
re1ss_orders_loss_4/inject_time.txt				ERROR
re1ss_orders_loss_4/metrics.parquet				ERROR
re1ss_orders_loss_5/inject_time.txt				ERROR
re1ss_orders_loss_5/metrics.parquet				ERROR
re1ss_orders_mem_1/inject_time.txt				ERROR
re1ss_orders_mem_1/metrics.parquet				ERROR
re1ss_orders_mem_2/inject_time.txt				ERROR
re1ss_orders_mem_2/metrics.parquet				ERROR
re1ss_orders_mem_3/inject_time.txt				ERROR
re1ss_orders_mem_3/metrics.parquet				ERROR
re1ss_orders_mem_4/inject_time.txt				ERROR
re1ss_orders_mem_4/metrics.parquet				ERROR
re1ss_orders_mem_5/inject_time.txt				ERROR
re1ss_orders_mem_5/metrics.parquet				ERROR
re1ss_payment_cpu_1/inject_time.txt				ERROR
re1ss_payment_cpu_1/metrics.parquet				ERROR
re1ss_payment_cpu_2/inject_time.txt				ERROR
re1ss_payment_cpu_2/metrics.parquet				ERROR
re1ss_payment_cpu_3/inject_time.txt				ERROR
re1ss_payment_cpu_3/metrics.parquet				ERROR
re1ss_payment_cpu_4/inject_time.txt				ERROR
re1ss_payment_cpu_4/metrics.parquet				ERROR
re1ss_payment_cpu_5/inject_time.txt				ERROR
re1ss_payment_cpu_5/metrics.parquet				ERROR
re1ss_payment_delay_1/inject_time.txt				ERROR
re1ss_payment_delay_1/metrics.parquet				ERROR
re1ss_payment_delay_2/inject_time.txt				ERROR
re1ss_payment_delay_2/metrics.parquet				ERROR
re1ss_payment_delay_3/inject_time.txt				ERROR
re1ss_payment_delay_3/metrics.parquet				ERROR
re1ss_payment_delay_4/inject_time.txt				ERROR
re1ss_payment_delay_4/metrics.parquet				ERROR
re1ss_payment_delay_5/inject_time.txt				ERROR
re1ss_payment_delay_5/metrics.parquet				ERROR
re1ss_payment_disk_1/inject_time.txt				ERROR
re1ss_payment_disk_1/metrics.parquet				ERROR
re1ss_payment_disk_2/inject_time.txt				ERROR
re1ss_payment_disk_2/metrics.parquet				ERROR
re1ss_payment_disk_3/inject_time.txt				ERROR
re1ss_payment_disk_3/metrics.parquet				ERROR
re1ss_payment_disk_4/inject_time.txt				ERROR
re1ss_payment_disk_4/metrics.parquet				ERROR
re1ss_payment_disk_5/inject_time.txt				ERROR
re1ss_payment_disk_5/metrics.parquet				ERROR
re1ss_payment_loss_1/inject_time.txt				ERROR
re1ss_payment_loss_1/metrics.parquet				ERROR
re1ss_payment_loss_2/inject_time.txt				ERROR
re1ss_payment_loss_2/metrics.parquet				ERROR
re1ss_payment_loss_3/inject_time.txt				ERROR
re1ss_payment_loss_3/metrics.parquet				ERROR
re1ss_payment_loss_4/inject_time.txt				ERROR
re1ss_payment_loss_4/metrics.parquet				ERROR
re1ss_payment_loss_5/inject_time.txt				ERROR
re1ss_payment_loss_5/metrics.parquet				ERROR
re1ss_payment_mem_1/inject_time.txt				ERROR
re1ss_payment_mem_1/metrics.parquet				ERROR
re1ss_payment_mem_2/inject_time.txt				ERROR
re1ss_payment_mem_2/metrics.parquet				ERROR
re1ss_payment_mem_3/inject_time.txt				ERROR
re1ss_payment_mem_3/metrics.parquet				ERROR
re1ss_payment_mem_4/inject_time.txt				ERROR
re1ss_payment_mem_4/metrics.parquet				ERROR
re1ss_payment_mem_5/inject_time.txt				ERROR
re1ss_payment_mem_5/metrics.parquet				ERROR
re1ss_user_cpu_1/inject_time.txt				ERROR
re1ss_user_cpu_1/metrics.parquet				ERROR
re1ss_user_cpu_2/inject_time.txt				ERROR
re1ss_user_cpu_2/metrics.parquet				ERROR
re1ss_user_cpu_3/inject_time.txt				ERROR
re1ss_user_cpu_3/metrics.parquet				ERROR
re1ss_user_cpu_4/inject_time.txt				ERROR
re1ss_user_cpu_4/metrics.parquet				ERROR
re1ss_user_cpu_5/inject_time.txt				ERROR
re1ss_user_cpu_5/metrics.parquet				ERROR
re1ss_user_delay_1/inject_time.txt				ERROR
re1ss_user_delay_1/metrics.parquet				ERROR
re1ss_user_delay_2/inject_time.txt				ERROR
re1ss_user_delay_2/metrics.parquet				ERROR
re1ss_user_delay_3/inject_time.txt				ERROR
re1ss_user_delay_3/metrics.parquet				ERROR
re1ss_user_delay_4/inject_time.txt				ERROR
re1ss_user_delay_4/metrics.parquet				ERROR
re1ss_user_delay_5/inject_time.txt				ERROR
re1ss_user_delay_5/metrics.parquet				ERROR
re1ss_user_disk_1/inject_time.txt				ERROR
re1ss_user_disk_1/metrics.parquet				ERROR
re1ss_user_disk_2/inject_time.txt				ERROR
re1ss_user_disk_2/metrics.parquet				ERROR
re1ss_user_disk_3/inject_time.txt				ERROR
re1ss_user_disk_3/metrics.parquet				ERROR
re1ss_user_disk_4/inject_time.txt				ERROR
re1ss_user_disk_4/metrics.parquet				ERROR
re1ss_user_disk_5/inject_time.txt				ERROR
re1ss_user_disk_5/metrics.parquet				ERROR
re1ss_user_loss_1/inject_time.txt				ERROR
re1ss_user_loss_1/metrics.parquet				ERROR
re1ss_user_loss_2/inject_time.txt				ERROR
re1ss_user_loss_2/metrics.parquet				ERROR
re1ss_user_loss_3/inject_time.txt				ERROR
re1ss_user_loss_3/metrics.parquet				ERROR
re1ss_user_loss_4/inject_time.txt				ERROR
re1ss_user_loss_4/metrics.parquet				ERROR
re1ss_user_loss_5/inject_time.txt				ERROR
re1ss_user_loss_5/metrics.parquet				ERROR
re1ss_user_mem_1/inject_time.txt				ERROR
re1ss_user_mem_1/metrics.parquet				ERROR
re1ss_user_mem_2/inject_time.txt				ERROR
re1ss_user_mem_2/metrics.parquet				ERROR
re1ss_user_mem_3/inject_time.txt				ERROR
re1ss_user_mem_3/metrics.parquet				ERROR
re1ss_user_mem_4/inject_time.txt				ERROR
re1ss_user_mem_4/metrics.parquet				ERROR
re1ss_user_mem_5/inject_time.txt				ERROR
re1ss_user_mem_5/metrics.parquet				ERROR
re1tt_ts-auth-service_cpu_1/inject_time.txt				ERROR
re1tt_ts-auth-service_cpu_1/metrics.parquet				ERROR
re1tt_ts-auth-service_cpu_2/inject_time.txt				ERROR
re1tt_ts-auth-service_cpu_2/metrics.parquet				ERROR
re1tt_ts-auth-service_cpu_3/inject_time.txt				ERROR
re1tt_ts-auth-service_cpu_3/metrics.parquet				ERROR
re1tt_ts-auth-service_cpu_4/inject_time.txt				ERROR
re1tt_ts-auth-service_cpu_4/metrics.parquet				ERROR
re1tt_ts-auth-service_cpu_5/inject_time.txt				ERROR
re1tt_ts-auth-service_cpu_5/metrics.parquet				ERROR
re1tt_ts-auth-service_delay_1/inject_time.txt				ERROR
re1tt_ts-auth-service_delay_1/metrics.parquet				ERROR
re1tt_ts-auth-service_delay_2/inject_time.txt				ERROR
re1tt_ts-auth-service_delay_2/metrics.parquet				ERROR
re1tt_ts-auth-service_delay_3/inject_time.txt				ERROR
re1tt_ts-auth-service_delay_3/metrics.parquet				ERROR
re1tt_ts-auth-service_delay_4/inject_time.txt				ERROR
re1tt_ts-auth-service_delay_4/metrics.parquet				ERROR
re1tt_ts-auth-service_delay_5/inject_time.txt				ERROR
re1tt_ts-auth-service_delay_5/metrics.parquet				ERROR
re1tt_ts-auth-service_disk_1/inject_time.txt				ERROR
re1tt_ts-auth-service_disk_1/metrics.parquet				ERROR
re1tt_ts-auth-service_disk_2/inject_time.txt				ERROR
re1tt_ts-auth-service_disk_2/metrics.parquet				ERROR
re1tt_ts-auth-service_disk_3/inject_time.txt				ERROR
re1tt_ts-auth-service_disk_3/metrics.parquet				ERROR
re1tt_ts-auth-service_disk_4/inject_time.txt				ERROR
re1tt_ts-auth-service_disk_4/metrics.parquet				ERROR
re1tt_ts-auth-service_disk_5/inject_time.txt				ERROR
re1tt_ts-auth-service_disk_5/metrics.parquet				ERROR
re1tt_ts-auth-service_loss_1/inject_time.txt				ERROR
re1tt_ts-auth-service_loss_1/metrics.parquet				ERROR
re1tt_ts-auth-service_loss_2/inject_time.txt				ERROR
re1tt_ts-auth-service_loss_2/metrics.parquet				ERROR
re1tt_ts-auth-service_loss_3/inject_time.txt				ERROR
re1tt_ts-auth-service_loss_3/metrics.parquet				ERROR
re1tt_ts-auth-service_loss_4/inject_time.txt				ERROR
re1tt_ts-auth-service_loss_4/metrics.parquet				ERROR
re1tt_ts-auth-service_loss_5/inject_time.txt				ERROR
re1tt_ts-auth-service_loss_5/metrics.parquet				ERROR
re1tt_ts-auth-service_mem_1/inject_time.txt				ERROR
re1tt_ts-auth-service_mem_1/metrics.parquet				ERROR
re1tt_ts-auth-service_mem_2/inject_time.txt				ERROR
re1tt_ts-auth-service_mem_2/metrics.parquet				ERROR
re1tt_ts-auth-service_mem_3/inject_time.txt				ERROR
re1tt_ts-auth-service_mem_3/metrics.parquet				ERROR
re1tt_ts-auth-service_mem_4/inject_time.txt				ERROR
re1tt_ts-auth-service_mem_4/metrics.parquet				ERROR
re1tt_ts-auth-service_mem_5/inject_time.txt				ERROR
re1tt_ts-auth-service_mem_5/metrics.parquet				ERROR
re1tt_ts-order-service_cpu_1/inject_time.txt				ERROR
re1tt_ts-order-service_cpu_1/metrics.parquet				ERROR
re1tt_ts-order-service_cpu_2/inject_time.txt				ERROR
re1tt_ts-order-service_cpu_2/metrics.parquet				ERROR
re1tt_ts-order-service_cpu_3/inject_time.txt				ERROR
re1tt_ts-order-service_cpu_3/metrics.parquet				ERROR
re1tt_ts-order-service_cpu_4/inject_time.txt				ERROR
re1tt_ts-order-service_cpu_4/metrics.parquet				ERROR
re1tt_ts-order-service_cpu_5/inject_time.txt				ERROR
re1tt_ts-order-service_cpu_5/metrics.parquet				ERROR
re1tt_ts-order-service_delay_1/inject_time.txt				ERROR
re1tt_ts-order-service_delay_1/metrics.parquet				ERROR
re1tt_ts-order-service_delay_2/inject_time.txt				ERROR
re1tt_ts-order-service_delay_2/metrics.parquet				ERROR
re1tt_ts-order-service_delay_3/inject_time.txt				ERROR
re1tt_ts-order-service_delay_3/metrics.parquet				ERROR
re1tt_ts-order-service_delay_4/inject_time.txt				ERROR
re1tt_ts-order-service_delay_4/metrics.parquet				ERROR
re1tt_ts-order-service_delay_5/inject_time.txt				ERROR
re1tt_ts-order-service_delay_5/metrics.parquet				ERROR
re1tt_ts-order-service_disk_1/inject_time.txt				ERROR
re1tt_ts-order-service_disk_1/metrics.parquet				ERROR
re1tt_ts-order-service_disk_2/inject_time.txt				ERROR
re1tt_ts-order-service_disk_2/metrics.parquet				ERROR
re1tt_ts-order-service_disk_3/inject_time.txt				ERROR
re1tt_ts-order-service_disk_3/metrics.parquet				ERROR
re1tt_ts-order-service_disk_4/inject_time.txt				ERROR
re1tt_ts-order-service_disk_4/metrics.parquet				ERROR
re1tt_ts-order-service_disk_5/inject_time.txt				ERROR
re1tt_ts-order-service_disk_5/metrics.parquet				ERROR
re1tt_ts-order-service_loss_1/inject_time.txt				ERROR
re1tt_ts-order-service_loss_1/metrics.parquet				ERROR
re1tt_ts-order-service_loss_2/inject_time.txt				ERROR
re1tt_ts-order-service_loss_2/metrics.parquet				ERROR
re1tt_ts-order-service_loss_3/inject_time.txt				ERROR
re1tt_ts-order-service_loss_3/metrics.parquet				ERROR
re1tt_ts-order-service_loss_4/inject_time.txt				ERROR
re1tt_ts-order-service_loss_4/metrics.parquet				ERROR
re1tt_ts-order-service_loss_5/inject_time.txt				ERROR
re1tt_ts-order-service_loss_5/metrics.parquet				ERROR
re1tt_ts-order-service_mem_1/inject_time.txt				ERROR
re1tt_ts-order-service_mem_1/metrics.parquet				ERROR
re1tt_ts-order-service_mem_2/inject_time.txt				ERROR
re1tt_ts-order-service_mem_2/metrics.parquet				ERROR
re1tt_ts-order-service_mem_3/inject_time.txt				ERROR
re1tt_ts-order-service_mem_3/metrics.parquet				ERROR
re1tt_ts-order-service_mem_4/inject_time.txt				ERROR
re1tt_ts-order-service_mem_4/metrics.parquet				ERROR
re1tt_ts-order-service_mem_5/inject_time.txt				ERROR
re1tt_ts-order-service_mem_5/metrics.parquet				ERROR
re1tt_ts-route-service_cpu_1/inject_time.txt				ERROR
re1tt_ts-route-service_cpu_1/metrics.parquet				ERROR
re1tt_ts-route-service_cpu_2/inject_time.txt				ERROR
re1tt_ts-route-service_cpu_2/metrics.parquet				ERROR
re1tt_ts-route-service_cpu_3/inject_time.txt				ERROR
re1tt_ts-route-service_cpu_3/metrics.parquet				ERROR
re1tt_ts-route-service_cpu_4/inject_time.txt				ERROR
re1tt_ts-route-service_cpu_4/metrics.parquet				ERROR
re1tt_ts-route-service_cpu_5/inject_time.txt				ERROR
re1tt_ts-route-service_cpu_5/metrics.parquet				ERROR
re1tt_ts-route-service_delay_1/inject_time.txt				ERROR
re1tt_ts-route-service_delay_1/metrics.parquet				ERROR
re1tt_ts-route-service_delay_2/inject_time.txt				ERROR
re1tt_ts-route-service_delay_2/metrics.parquet				ERROR
re1tt_ts-route-service_delay_3/inject_time.txt				ERROR
re1tt_ts-route-service_delay_3/metrics.parquet				ERROR
re1tt_ts-route-service_delay_4/inject_time.txt				ERROR
re1tt_ts-route-service_delay_4/metrics.parquet				ERROR
re1tt_ts-route-service_delay_5/inject_time.txt				ERROR
re1tt_ts-route-service_delay_5/metrics.parquet				ERROR
re1tt_ts-route-service_disk_1/inject_time.txt				ERROR
re1tt_ts-route-service_disk_1/metrics.parquet				ERROR
re1tt_ts-route-service_disk_2/inject_time.txt				ERROR
re1tt_ts-route-service_disk_2/metrics.parquet				ERROR
re1tt_ts-route-service_disk_3/inject_time.txt				ERROR
re1tt_ts-route-service_disk_3/metrics.parquet				ERROR
re1tt_ts-route-service_disk_4/inject_time.txt				ERROR
re1tt_ts-route-service_disk_4/metrics.parquet				ERROR
re1tt_ts-route-service_disk_5/inject_time.txt				ERROR
re1tt_ts-route-service_disk_5/metrics.parquet				ERROR
re1tt_ts-route-service_loss_1/inject_time.txt				ERROR
re1tt_ts-route-service_loss_1/metrics.parquet				ERROR
re1tt_ts-route-service_loss_2/inject_time.txt				ERROR
re1tt_ts-route-service_loss_2/metrics.parquet				ERROR
re1tt_ts-route-service_loss_3/inject_time.txt				ERROR
re1tt_ts-route-service_loss_3/metrics.parquet				ERROR
re1tt_ts-route-service_loss_4/inject_time.txt				ERROR
re1tt_ts-route-service_loss_4/metrics.parquet				ERROR
re1tt_ts-route-service_loss_5/inject_time.txt				ERROR
re1tt_ts-route-service_loss_5/metrics.parquet				ERROR
re1tt_ts-route-service_mem_1/inject_time.txt				ERROR
re1tt_ts-route-service_mem_1/metrics.parquet				ERROR
re1tt_ts-route-service_mem_2/inject_time.txt				ERROR
re1tt_ts-route-service_mem_2/metrics.parquet				ERROR
re1tt_ts-route-service_mem_3/inject_time.txt				ERROR
re1tt_ts-route-service_mem_3/metrics.parquet				ERROR
re1tt_ts-route-service_mem_4/inject_time.txt				ERROR
re1tt_ts-route-service_mem_4/metrics.parquet				ERROR
re1tt_ts-route-service_mem_5/inject_time.txt				ERROR
re1tt_ts-route-service_mem_5/metrics.parquet				ERROR
re1tt_ts-train-service_cpu_1/inject_time.txt				ERROR
re1tt_ts-train-service_cpu_1/metrics.parquet				ERROR
re1tt_ts-train-service_cpu_2/inject_time.txt				ERROR
re1tt_ts-train-service_cpu_2/metrics.parquet				ERROR
re1tt_ts-train-service_cpu_3/inject_time.txt				ERROR
re1tt_ts-train-service_cpu_3/metrics.parquet				ERROR
re1tt_ts-train-service_cpu_4/inject_time.txt				ERROR
re1tt_ts-train-service_cpu_4/metrics.parquet				ERROR
re1tt_ts-train-service_cpu_5/inject_time.txt				ERROR
re1tt_ts-train-service_cpu_5/metrics.parquet				ERROR
re1tt_ts-train-service_delay_1/inject_time.txt				ERROR
re1tt_ts-train-service_delay_1/metrics.parquet				ERROR
re1tt_ts-train-service_delay_2/inject_time.txt				ERROR
re1tt_ts-train-service_delay_2/metrics.parquet				ERROR
re1tt_ts-train-service_delay_3/inject_time.txt				ERROR
re1tt_ts-train-service_delay_3/metrics.parquet				ERROR
re1tt_ts-train-service_delay_4/inject_time.txt				ERROR
re1tt_ts-train-service_delay_4/metrics.parquet				ERROR
re1tt_ts-train-service_delay_5/inject_time.txt				ERROR
re1tt_ts-train-service_delay_5/metrics.parquet				ERROR
re1tt_ts-train-service_disk_1/inject_time.txt				ERROR
re1tt_ts-train-service_disk_1/metrics.parquet				ERROR
re1tt_ts-train-service_disk_2/inject_time.txt				ERROR
re1tt_ts-train-service_disk_2/metrics.parquet				ERROR
re1tt_ts-train-service_disk_3/inject_time.txt				ERROR
re1tt_ts-train-service_disk_3/metrics.parquet				ERROR
re1tt_ts-train-service_disk_4/inject_time.txt				ERROR
re1tt_ts-train-service_disk_4/metrics.parquet				ERROR
re1tt_ts-train-service_disk_5/inject_time.txt				ERROR
re1tt_ts-train-service_disk_5/metrics.parquet				ERROR
re1tt_ts-train-service_loss_1/inject_time.txt				ERROR
re1tt_ts-train-service_loss_1/metrics.parquet				ERROR
re1tt_ts-train-service_loss_2/inject_time.txt				ERROR
re1tt_ts-train-service_loss_2/metrics.parquet				ERROR
re1tt_ts-train-service_loss_3/inject_time.txt				ERROR
re1tt_ts-train-service_loss_3/metrics.parquet				ERROR
re1tt_ts-train-service_loss_4/inject_time.txt				ERROR
re1tt_ts-train-service_loss_4/metrics.parquet				ERROR
re1tt_ts-train-service_loss_5/inject_time.txt				ERROR
re1tt_ts-train-service_loss_5/metrics.parquet				ERROR
re1tt_ts-train-service_mem_1/inject_time.txt				ERROR
re1tt_ts-train-service_mem_1/metrics.parquet				ERROR
re1tt_ts-train-service_mem_2/inject_time.txt				ERROR
re1tt_ts-train-service_mem_2/metrics.parquet				ERROR
re1tt_ts-train-service_mem_3/inject_time.txt				ERROR
re1tt_ts-train-service_mem_3/metrics.parquet				ERROR
re1tt_ts-train-service_mem_4/inject_time.txt				ERROR
re1tt_ts-train-service_mem_4/metrics.parquet				ERROR
re1tt_ts-train-service_mem_5/inject_time.txt				ERROR
re1tt_ts-train-service_mem_5/metrics.parquet				ERROR
re1tt_ts-travel-service_cpu_1/inject_time.txt				ERROR
re1tt_ts-travel-service_cpu_1/metrics.parquet				ERROR
re1tt_ts-travel-service_cpu_2/inject_time.txt				ERROR
re1tt_ts-travel-service_cpu_2/metrics.parquet				ERROR
re1tt_ts-travel-service_cpu_3/inject_time.txt				ERROR
re1tt_ts-travel-service_cpu_3/metrics.parquet				ERROR
re1tt_ts-travel-service_cpu_4/inject_time.txt				ERROR
re1tt_ts-travel-service_cpu_4/metrics.parquet				ERROR
re1tt_ts-travel-service_cpu_5/inject_time.txt				ERROR
re1tt_ts-travel-service_cpu_5/metrics.parquet				ERROR
re1tt_ts-travel-service_delay_1/inject_time.txt				ERROR
re1tt_ts-travel-service_delay_1/metrics.parquet				ERROR
re1tt_ts-travel-service_delay_2/inject_time.txt				ERROR
re1tt_ts-travel-service_delay_2/metrics.parquet				ERROR
re1tt_ts-travel-service_delay_3/inject_time.txt				ERROR
re1tt_ts-travel-service_delay_3/metrics.parquet				ERROR
re1tt_ts-travel-service_delay_4/inject_time.txt				ERROR
re1tt_ts-travel-service_delay_4/metrics.parquet				ERROR
re1tt_ts-travel-service_delay_5/inject_time.txt				ERROR
re1tt_ts-travel-service_delay_5/metrics.parquet				ERROR
re1tt_ts-travel-service_disk_1/inject_time.txt				ERROR
re1tt_ts-travel-service_disk_1/metrics.parquet				ERROR
re1tt_ts-travel-service_disk_2/inject_time.txt				ERROR
re1tt_ts-travel-service_disk_2/metrics.parquet				ERROR
re1tt_ts-travel-service_disk_3/inject_time.txt				ERROR
re1tt_ts-travel-service_disk_3/metrics.parquet				ERROR
re1tt_ts-travel-service_disk_4/inject_time.txt				ERROR
re1tt_ts-travel-service_disk_4/metrics.parquet				ERROR
re1tt_ts-travel-service_disk_5/inject_time.txt				ERROR
re1tt_ts-travel-service_disk_5/metrics.parquet				ERROR
re1tt_ts-travel-service_loss_1/inject_time.txt				ERROR
re1tt_ts-travel-service_loss_1/metrics.parquet				ERROR
re1tt_ts-travel-service_loss_2/inject_time.txt				ERROR
re1tt_ts-travel-service_loss_2/metrics.parquet				ERROR
re1tt_ts-travel-service_loss_3/inject_time.txt				ERROR
re1tt_ts-travel-service_loss_3/metrics.parquet				ERROR
re1tt_ts-travel-service_loss_4/inject_time.txt				ERROR
re1tt_ts-travel-service_loss_4/metrics.parquet				ERROR
re1tt_ts-travel-service_loss_5/inject_time.txt				ERROR
re1tt_ts-travel-service_loss_5/metrics.parquet				ERROR
re1tt_ts-travel-service_mem_1/inject_time.txt				ERROR
re1tt_ts-travel-service_mem_1/metrics.parquet				ERROR
re1tt_ts-travel-service_mem_2/inject_time.txt				ERROR
re1tt_ts-travel-service_mem_2/metrics.parquet				ERROR
re1tt_ts-travel-service_mem_3/inject_time.txt				ERROR
re1tt_ts-travel-service_mem_3/metrics.parquet				ERROR
re1tt_ts-travel-service_mem_4/inject_time.txt				ERROR
re1tt_ts-travel-service_mem_4/metrics.parquet				ERROR
re1tt_ts-travel-service_mem_5/inject_time.txt				ERROR
re1tt_ts-travel-service_mem_5/metrics.parquet				ERROR
re2ob_checkoutservice_cpu_1/inject_time.txt				ERROR
re2ob_checkoutservice_cpu_1/logs.parquet				ERROR
re2ob_checkoutservice_cpu_1/metrics.parquet				ERROR
re2ob_checkoutservice_cpu_1/traces.parquet				ERROR
re2ob_checkoutservice_cpu_2/inject_time.txt				ERROR
re2ob_checkoutservice_cpu_2/logs.parquet				ERROR
re2ob_checkoutservice_cpu_2/metrics.parquet				ERROR
re2ob_checkoutservice_cpu_2/traces.parquet				ERROR
re2ob_checkoutservice_cpu_3/inject_time.txt				ERROR
re2ob_checkoutservice_cpu_3/logs.parquet				ERROR
re2ob_checkoutservice_cpu_3/metrics.parquet				ERROR
re2ob_checkoutservice_cpu_3/traces.parquet				ERROR
re2ob_checkoutservice_delay_1/inject_time.txt				ERROR
re2ob_checkoutservice_delay_1/logs.parquet				ERROR
re2ob_checkoutservice_delay_1/metrics.parquet				ERROR
re2ob_checkoutservice_delay_1/traces.parquet				ERROR
re2ob_checkoutservice_delay_2/inject_time.txt				ERROR
re2ob_checkoutservice_delay_2/logs.parquet				ERROR
re2ob_checkoutservice_delay_2/metrics.parquet				ERROR
re2ob_checkoutservice_delay_2/traces.parquet				ERROR
re2ob_checkoutservice_delay_3/inject_time.txt				ERROR
re2ob_checkoutservice_delay_3/logs.parquet				ERROR
re2ob_checkoutservice_delay_3/metrics.parquet				ERROR
re2ob_checkoutservice_delay_3/traces.parquet				ERROR
re2ob_checkoutservice_disk_1/inject_time.txt				ERROR
re2ob_checkoutservice_disk_1/logs.parquet				ERROR
re2ob_checkoutservice_disk_1/metrics.parquet				ERROR
re2ob_checkoutservice_disk_1/traces.parquet				ERROR
re2ob_checkoutservice_disk_2/inject_time.txt				ERROR
re2ob_checkoutservice_disk_2/logs.parquet				ERROR
re2ob_checkoutservice_disk_2/metrics.parquet				ERROR
re2ob_checkoutservice_disk_2/traces.parquet				ERROR
re2ob_checkoutservice_disk_3/inject_time.txt				ERROR
re2ob_checkoutservice_disk_3/logs.parquet				ERROR
re2ob_checkoutservice_disk_3/metrics.parquet				ERROR
re2ob_checkoutservice_disk_3/traces.parquet				ERROR
re2ob_checkoutservice_loss_1/inject_time.txt				ERROR
re2ob_checkoutservice_loss_1/logs.parquet				ERROR
re2ob_checkoutservice_loss_1/metrics.parquet				ERROR
re2ob_checkoutservice_loss_1/traces.parquet				ERROR
re2ob_checkoutservice_loss_2/inject_time.txt				ERROR
re2ob_checkoutservice_loss_2/logs.parquet				ERROR
re2ob_checkoutservice_loss_2/metrics.parquet				ERROR
re2ob_checkoutservice_loss_2/traces.parquet				ERROR
re2ob_checkoutservice_loss_3/inject_time.txt				ERROR
re2ob_checkoutservice_loss_3/logs.parquet				ERROR
re2ob_checkoutservice_loss_3/metrics.parquet				ERROR
re2ob_checkoutservice_loss_3/traces.parquet				ERROR
re2ob_checkoutservice_mem_1/inject_time.txt				ERROR
re2ob_checkoutservice_mem_1/logs.parquet				ERROR
re2ob_checkoutservice_mem_1/metrics.parquet				ERROR
re2ob_checkoutservice_mem_1/traces.parquet				ERROR
re2ob_checkoutservice_mem_2/inject_time.txt				ERROR
re2ob_checkoutservice_mem_2/logs.parquet				ERROR
re2ob_checkoutservice_mem_2/metrics.parquet				ERROR
re2ob_checkoutservice_mem_2/traces.parquet				ERROR
re2ob_checkoutservice_mem_3/inject_time.txt				ERROR
re2ob_checkoutservice_mem_3/logs.parquet				ERROR
re2ob_checkoutservice_mem_3/metrics.parquet				ERROR
re2ob_checkoutservice_mem_3/traces.parquet				ERROR
re2ob_checkoutservice_socket_1/inject_time.txt				ERROR
re2ob_checkoutservice_socket_1/logs.parquet				ERROR
re2ob_checkoutservice_socket_1/metrics.parquet				ERROR
re2ob_checkoutservice_socket_1/traces.parquet				ERROR
re2ob_checkoutservice_socket_2/inject_time.txt				ERROR
re2ob_checkoutservice_socket_2/logs.parquet				ERROR
re2ob_checkoutservice_socket_2/metrics.parquet				ERROR
re2ob_checkoutservice_socket_2/traces.parquet				ERROR
re2ob_checkoutservice_socket_3/inject_time.txt				ERROR
re2ob_checkoutservice_socket_3/logs.parquet				ERROR
re2ob_checkoutservice_socket_3/metrics.parquet				ERROR
re2ob_checkoutservice_socket_3/traces.parquet				ERROR
re2ob_currencyservice_cpu_1/inject_time.txt				ERROR
re2ob_currencyservice_cpu_1/logs.parquet				ERROR
re2ob_currencyservice_cpu_1/metrics.parquet				ERROR
re2ob_currencyservice_cpu_1/traces.parquet				ERROR
re2ob_currencyservice_cpu_2/inject_time.txt				ERROR
re2ob_currencyservice_cpu_2/logs.parquet				ERROR
re2ob_currencyservice_cpu_2/metrics.parquet				ERROR
re2ob_currencyservice_cpu_2/traces.parquet				ERROR
re2ob_currencyservice_cpu_3/inject_time.txt				ERROR
re2ob_currencyservice_cpu_3/logs.parquet				ERROR
re2ob_currencyservice_cpu_3/metrics.parquet				ERROR
re2ob_currencyservice_cpu_3/traces.parquet				ERROR
re2ob_currencyservice_delay_1/inject_time.txt				ERROR
re2ob_currencyservice_delay_1/logs.parquet				ERROR
re2ob_currencyservice_delay_1/metrics.parquet				ERROR
re2ob_currencyservice_delay_1/traces.parquet				ERROR
re2ob_currencyservice_delay_2/inject_time.txt				ERROR
re2ob_currencyservice_delay_2/logs.parquet				ERROR
re2ob_currencyservice_delay_2/metrics.parquet				ERROR
re2ob_currencyservice_delay_2/traces.parquet				ERROR
re2ob_currencyservice_delay_3/inject_time.txt				ERROR
re2ob_currencyservice_delay_3/logs.parquet				ERROR
re2ob_currencyservice_delay_3/metrics.parquet				ERROR
re2ob_currencyservice_delay_3/traces.parquet				ERROR
re2ob_currencyservice_disk_1/inject_time.txt				ERROR
re2ob_currencyservice_disk_1/logs.parquet				ERROR
re2ob_currencyservice_disk_1/metrics.parquet				ERROR
re2ob_currencyservice_disk_1/traces.parquet				ERROR
re2ob_currencyservice_disk_2/inject_time.txt				ERROR
re2ob_currencyservice_disk_2/logs.parquet				ERROR
re2ob_currencyservice_disk_2/metrics.parquet				ERROR
re2ob_currencyservice_disk_2/traces.parquet				ERROR
re2ob_currencyservice_disk_3/inject_time.txt				ERROR
re2ob_currencyservice_disk_3/logs.parquet				ERROR
re2ob_currencyservice_disk_3/metrics.parquet				ERROR
re2ob_currencyservice_disk_3/traces.parquet				ERROR
re2ob_currencyservice_loss_1/inject_time.txt				ERROR
re2ob_currencyservice_loss_1/logs.parquet				ERROR
re2ob_currencyservice_loss_1/metrics.parquet				ERROR
re2ob_currencyservice_loss_1/traces.parquet				ERROR
re2ob_currencyservice_loss_2/inject_time.txt				ERROR
re2ob_currencyservice_loss_2/logs.parquet				ERROR
re2ob_currencyservice_loss_2/metrics.parquet				ERROR
re2ob_currencyservice_loss_2/traces.parquet				ERROR
re2ob_currencyservice_loss_3/inject_time.txt				ERROR
re2ob_currencyservice_loss_3/logs.parquet				ERROR
re2ob_currencyservice_loss_3/metrics.parquet				ERROR
re2ob_currencyservice_loss_3/traces.parquet				ERROR
re2ob_currencyservice_mem_1/inject_time.txt				ERROR
re2ob_currencyservice_mem_1/logs.parquet				ERROR
re2ob_currencyservice_mem_1/metrics.parquet				ERROR
re2ob_currencyservice_mem_1/traces.parquet				ERROR
re2ob_currencyservice_mem_2/inject_time.txt				ERROR
re2ob_currencyservice_mem_2/logs.parquet				ERROR
re2ob_currencyservice_mem_2/metrics.parquet				ERROR
re2ob_currencyservice_mem_2/traces.parquet				ERROR
re2ob_currencyservice_mem_3/inject_time.txt				ERROR
re2ob_currencyservice_mem_3/logs.parquet				ERROR
re2ob_currencyservice_mem_3/metrics.parquet				ERROR
re2ob_currencyservice_mem_3/traces.parquet				ERROR
re2ob_currencyservice_socket_1/inject_time.txt				ERROR
re2ob_currencyservice_socket_1/logs.parquet				ERROR
re2ob_currencyservice_socket_1/metrics.parquet				ERROR
re2ob_currencyservice_socket_1/traces.parquet				ERROR
re2ob_currencyservice_socket_2/inject_time.txt				ERROR
re2ob_currencyservice_socket_2/logs.parquet				ERROR
re2ob_currencyservice_socket_2/metrics.parquet				ERROR
re2ob_currencyservice_socket_2/traces.parquet				ERROR
re2ob_currencyservice_socket_3/inject_time.txt				ERROR
re2ob_currencyservice_socket_3/logs.parquet				ERROR
re2ob_currencyservice_socket_3/metrics.parquet				ERROR
re2ob_currencyservice_socket_3/traces.parquet				ERROR
re2ob_emailservice_cpu_1/inject_time.txt				ERROR
re2ob_emailservice_cpu_1/logs.parquet				ERROR
re2ob_emailservice_cpu_1/metrics.parquet				ERROR
re2ob_emailservice_cpu_1/traces.parquet				ERROR
re2ob_emailservice_cpu_2/inject_time.txt				ERROR
re2ob_emailservice_cpu_2/logs.parquet				ERROR
re2ob_emailservice_cpu_2/metrics.parquet				ERROR
re2ob_emailservice_cpu_2/traces.parquet				ERROR
re2ob_emailservice_cpu_3/inject_time.txt				ERROR
re2ob_emailservice_cpu_3/logs.parquet				ERROR
re2ob_emailservice_cpu_3/metrics.parquet				ERROR
re2ob_emailservice_cpu_3/traces.parquet				ERROR
re2ob_emailservice_delay_1/inject_time.txt				ERROR
re2ob_emailservice_delay_1/logs.parquet				ERROR
re2ob_emailservice_delay_1/metrics.parquet				ERROR
re2ob_emailservice_delay_1/traces.parquet				ERROR
re2ob_emailservice_delay_2/inject_time.txt				ERROR
re2ob_emailservice_delay_2/logs.parquet				ERROR
re2ob_emailservice_delay_2/metrics.parquet				ERROR
re2ob_emailservice_delay_2/traces.parquet				ERROR
re2ob_emailservice_delay_3/inject_time.txt				ERROR
re2ob_emailservice_delay_3/logs.parquet				ERROR
re2ob_emailservice_delay_3/metrics.parquet				ERROR
re2ob_emailservice_delay_3/traces.parquet				ERROR
re2ob_emailservice_disk_1/inject_time.txt				ERROR
re2ob_emailservice_disk_1/logs.parquet				ERROR
re2ob_emailservice_disk_1/metrics.parquet				ERROR
re2ob_emailservice_disk_1/traces.parquet				ERROR
re2ob_emailservice_disk_2/inject_time.txt				ERROR
re2ob_emailservice_disk_2/logs.parquet				ERROR
re2ob_emailservice_disk_2/metrics.parquet				ERROR
re2ob_emailservice_disk_2/traces.parquet				ERROR
re2ob_emailservice_disk_3/inject_time.txt				ERROR
re2ob_emailservice_disk_3/logs.parquet				ERROR
re2ob_emailservice_disk_3/metrics.parquet				ERROR
re2ob_emailservice_disk_3/traces.parquet				ERROR
re2ob_emailservice_loss_1/inject_time.txt				ERROR
re2ob_emailservice_loss_1/logs.parquet				ERROR
re2ob_emailservice_loss_1/metrics.parquet				ERROR
re2ob_emailservice_loss_1/traces.parquet				ERROR
re2ob_emailservice_loss_2/inject_time.txt				ERROR
re2ob_emailservice_loss_2/logs.parquet				ERROR
re2ob_emailservice_loss_2/metrics.parquet				ERROR
re2ob_emailservice_loss_2/traces.parquet				ERROR
re2ob_emailservice_loss_3/inject_time.txt				ERROR
re2ob_emailservice_loss_3/logs.parquet				ERROR
re2ob_emailservice_loss_3/metrics.parquet				ERROR
re2ob_emailservice_loss_3/traces.parquet				ERROR
re2ob_emailservice_mem_1/inject_time.txt				ERROR
re2ob_emailservice_mem_1/logs.parquet				ERROR
re2ob_emailservice_mem_1/metrics.parquet				ERROR
re2ob_emailservice_mem_1/traces.parquet				ERROR
re2ob_emailservice_mem_2/inject_time.txt				ERROR
re2ob_emailservice_mem_2/logs.parquet				ERROR
re2ob_emailservice_mem_2/metrics.parquet				ERROR
re2ob_emailservice_mem_2/traces.parquet				ERROR
re2ob_emailservice_mem_3/inject_time.txt				ERROR
re2ob_emailservice_mem_3/logs.parquet				ERROR
re2ob_emailservice_mem_3/metrics.parquet				ERROR
re2ob_emailservice_mem_3/traces.parquet				ERROR
re2ob_emailservice_socket_1/inject_time.txt				ERROR
re2ob_emailservice_socket_1/logs.parquet				ERROR
re2ob_emailservice_socket_1/metrics.parquet				ERROR
re2ob_emailservice_socket_1/traces.parquet				ERROR
re2ob_emailservice_socket_2/inject_time.txt				ERROR
re2ob_emailservice_socket_2/logs.parquet				ERROR
re2ob_emailservice_socket_2/metrics.parquet				ERROR
re2ob_emailservice_socket_2/traces.parquet				ERROR
re2ob_emailservice_socket_3/inject_time.txt				ERROR
re2ob_emailservice_socket_3/logs.parquet				ERROR
re2ob_emailservice_socket_3/metrics.parquet				ERROR
re2ob_emailservice_socket_3/traces.parquet				ERROR
re2ob_productcatalogservice_cpu_1/inject_time.txt				ERROR
re2ob_productcatalogservice_cpu_1/logs.parquet				ERROR
re2ob_productcatalogservice_cpu_1/metrics.parquet				ERROR
re2ob_productcatalogservice_cpu_1/traces.parquet				ERROR
re2ob_productcatalogservice_cpu_2/inject_time.txt				ERROR
re2ob_productcatalogservice_cpu_2/logs.parquet				ERROR
re2ob_productcatalogservice_cpu_2/metrics.parquet				ERROR
re2ob_productcatalogservice_cpu_2/traces.parquet				ERROR
re2ob_productcatalogservice_cpu_3/inject_time.txt				ERROR
re2ob_productcatalogservice_cpu_3/logs.parquet				ERROR
re2ob_productcatalogservice_cpu_3/metrics.parquet				ERROR
re2ob_productcatalogservice_cpu_3/traces.parquet				ERROR
re2ob_productcatalogservice_delay_1/inject_time.txt				ERROR
re2ob_productcatalogservice_delay_1/logs.parquet				ERROR
re2ob_productcatalogservice_delay_1/metrics.parquet				ERROR
re2ob_productcatalogservice_delay_1/traces.parquet				ERROR
re2ob_productcatalogservice_delay_2/inject_time.txt				ERROR
re2ob_productcatalogservice_delay_2/logs.parquet				ERROR
re2ob_productcatalogservice_delay_2/metrics.parquet				ERROR
re2ob_productcatalogservice_delay_2/traces.parquet				ERROR
re2ob_productcatalogservice_delay_3/inject_time.txt				ERROR
re2ob_productcatalogservice_delay_3/logs.parquet				ERROR
re2ob_productcatalogservice_delay_3/metrics.parquet				ERROR
re2ob_productcatalogservice_delay_3/traces.parquet				ERROR
re2ob_productcatalogservice_disk_1/inject_time.txt				ERROR
re2ob_productcatalogservice_disk_1/logs.parquet				ERROR
re2ob_productcatalogservice_disk_1/metrics.parquet				ERROR
re2ob_productcatalogservice_disk_1/traces.parquet				ERROR
re2ob_productcatalogservice_disk_2/inject_time.txt				ERROR
re2ob_productcatalogservice_disk_2/logs.parquet				ERROR
re2ob_productcatalogservice_disk_2/metrics.parquet				ERROR
re2ob_productcatalogservice_disk_2/traces.parquet				ERROR
re2ob_productcatalogservice_disk_3/inject_time.txt				ERROR
re2ob_productcatalogservice_disk_3/logs.parquet				ERROR
re2ob_productcatalogservice_disk_3/metrics.parquet				ERROR
re2ob_productcatalogservice_disk_3/traces.parquet				ERROR
re2ob_productcatalogservice_loss_1/inject_time.txt				ERROR
re2ob_productcatalogservice_loss_1/logs.parquet				ERROR
re2ob_productcatalogservice_loss_1/metrics.parquet				ERROR
re2ob_productcatalogservice_loss_1/traces.parquet				ERROR
re2ob_productcatalogservice_loss_2/inject_time.txt				ERROR
re2ob_productcatalogservice_loss_2/logs.parquet				ERROR
re2ob_productcatalogservice_loss_2/metrics.parquet				ERROR
re2ob_productcatalogservice_loss_2/traces.parquet				ERROR
re2ob_productcatalogservice_loss_3/inject_time.txt				ERROR
re2ob_productcatalogservice_loss_3/logs.parquet				ERROR
re2ob_productcatalogservice_loss_3/metrics.parquet				ERROR
re2ob_productcatalogservice_loss_3/traces.parquet				ERROR
re2ob_productcatalogservice_mem_1/inject_time.txt				ERROR
re2ob_productcatalogservice_mem_1/logs.parquet				ERROR
re2ob_productcatalogservice_mem_1/metrics.parquet				ERROR
re2ob_productcatalogservice_mem_1/traces.parquet				ERROR
re2ob_productcatalogservice_mem_2/inject_time.txt				ERROR
re2ob_productcatalogservice_mem_2/logs.parquet				ERROR
re2ob_productcatalogservice_mem_2/metrics.parquet				ERROR
re2ob_productcatalogservice_mem_2/traces.parquet				ERROR
re2ob_productcatalogservice_mem_3/inject_time.txt				ERROR
re2ob_productcatalogservice_mem_3/logs.parquet				ERROR
re2ob_productcatalogservice_mem_3/metrics.parquet				ERROR
re2ob_productcatalogservice_mem_3/traces.parquet				ERROR
re2ob_productcatalogservice_socket_1/inject_time.txt				ERROR
re2ob_productcatalogservice_socket_1/logs.parquet				ERROR
re2ob_productcatalogservice_socket_1/metrics.parquet				ERROR
re2ob_productcatalogservice_socket_1/traces.parquet				ERROR
re2ob_productcatalogservice_socket_2/inject_time.txt				ERROR
re2ob_productcatalogservice_socket_2/logs.parquet				ERROR
re2ob_productcatalogservice_socket_2/metrics.parquet				ERROR
re2ob_productcatalogservice_socket_2/traces.parquet				ERROR
re2ob_productcatalogservice_socket_3/inject_time.txt				ERROR
re2ob_productcatalogservice_socket_3/logs.parquet				ERROR
re2ob_productcatalogservice_socket_3/metrics.parquet				ERROR
re2ob_productcatalogservice_socket_3/traces.parquet				ERROR
re2ob_recommendationservice_cpu_1/inject_time.txt				ERROR
re2ob_recommendationservice_cpu_1/logs.parquet				ERROR
re2ob_recommendationservice_cpu_1/metrics.parquet				ERROR
re2ob_recommendationservice_cpu_1/traces.parquet				ERROR
re2ob_recommendationservice_cpu_2/inject_time.txt				ERROR
re2ob_recommendationservice_cpu_2/logs.parquet				ERROR
re2ob_recommendationservice_cpu_2/metrics.parquet				ERROR
re2ob_recommendationservice_cpu_2/traces.parquet				ERROR
re2ob_recommendationservice_cpu_3/inject_time.txt				ERROR
re2ob_recommendationservice_cpu_3/logs.parquet				ERROR
re2ob_recommendationservice_cpu_3/metrics.parquet				ERROR
re2ob_recommendationservice_cpu_3/traces.parquet				ERROR
re2ob_recommendationservice_delay_1/inject_time.txt				ERROR
re2ob_recommendationservice_delay_1/logs.parquet				ERROR
re2ob_recommendationservice_delay_1/metrics.parquet				ERROR
re2ob_recommendationservice_delay_1/traces.parquet				ERROR
re2ob_recommendationservice_delay_2/inject_time.txt				ERROR
re2ob_recommendationservice_delay_2/logs.parquet				ERROR
re2ob_recommendationservice_delay_2/metrics.parquet				ERROR
re2ob_recommendationservice_delay_2/traces.parquet				ERROR
re2ob_recommendationservice_delay_3/inject_time.txt				ERROR
re2ob_recommendationservice_delay_3/logs.parquet				ERROR
re2ob_recommendationservice_delay_3/metrics.parquet				ERROR
re2ob_recommendationservice_delay_3/traces.parquet				ERROR
re2ob_recommendationservice_disk_1/inject_time.txt				ERROR
re2ob_recommendationservice_disk_1/logs.parquet				ERROR
re2ob_recommendationservice_disk_1/metrics.parquet				ERROR
re2ob_recommendationservice_disk_1/traces.parquet				ERROR
re2ob_recommendationservice_disk_2/inject_time.txt				ERROR
re2ob_recommendationservice_disk_2/logs.parquet				ERROR
re2ob_recommendationservice_disk_2/metrics.parquet				ERROR
re2ob_recommendationservice_disk_2/traces.parquet				ERROR
re2ob_recommendationservice_disk_3/inject_time.txt				ERROR
re2ob_recommendationservice_disk_3/logs.parquet				ERROR
re2ob_recommendationservice_disk_3/metrics.parquet				ERROR
re2ob_recommendationservice_disk_3/traces.parquet				ERROR
re2ob_recommendationservice_loss_1/inject_time.txt				ERROR
re2ob_recommendationservice_loss_1/logs.parquet				ERROR
re2ob_recommendationservice_loss_1/metrics.parquet				ERROR
re2ob_recommendationservice_loss_1/traces.parquet				ERROR
re2ob_recommendationservice_loss_2/inject_time.txt				ERROR
re2ob_recommendationservice_loss_2/logs.parquet				ERROR
re2ob_recommendationservice_loss_2/metrics.parquet				ERROR
re2ob_recommendationservice_loss_2/traces.parquet				ERROR
re2ob_recommendationservice_loss_3/inject_time.txt				ERROR
re2ob_recommendationservice_loss_3/logs.parquet				ERROR
re2ob_recommendationservice_loss_3/metrics.parquet				ERROR
re2ob_recommendationservice_loss_3/traces.parquet				ERROR
re2ob_recommendationservice_mem_1/inject_time.txt				ERROR
re2ob_recommendationservice_mem_1/logs.parquet				ERROR
re2ob_recommendationservice_mem_1/metrics.parquet				ERROR
re2ob_recommendationservice_mem_1/traces.parquet				ERROR
re2ob_recommendationservice_mem_2/inject_time.txt				ERROR
re2ob_recommendationservice_mem_2/logs.parquet				ERROR
re2ob_recommendationservice_mem_2/metrics.parquet				ERROR
re2ob_recommendationservice_mem_2/traces.parquet				ERROR
re2ob_recommendationservice_mem_3/inject_time.txt				ERROR
re2ob_recommendationservice_mem_3/logs.parquet				ERROR
re2ob_recommendationservice_mem_3/metrics.parquet				ERROR
re2ob_recommendationservice_mem_3/traces.parquet				ERROR
re2ob_recommendationservice_socket_1/inject_time.txt				ERROR
re2ob_recommendationservice_socket_1/logs.parquet				ERROR
re2ob_recommendationservice_socket_1/metrics.parquet				ERROR
re2ob_recommendationservice_socket_1/traces.parquet				ERROR
re2ob_recommendationservice_socket_2/inject_time.txt				ERROR
re2ob_recommendationservice_socket_2/logs.parquet				ERROR
re2ob_recommendationservice_socket_2/metrics.parquet				ERROR
re2ob_recommendationservice_socket_2/traces.parquet				ERROR
re2ob_recommendationservice_socket_3/inject_time.txt				ERROR
re2ob_recommendationservice_socket_3/logs.parquet				ERROR
re2ob_recommendationservice_socket_3/metrics.parquet				ERROR
re2ob_recommendationservice_socket_3/traces.parquet				ERROR
re2ss_carts_cpu_1/inject_time.txt				ERROR
re2ss_carts_cpu_1/logs.parquet				ERROR
re2ss_carts_cpu_1/metrics.parquet				ERROR
re2ss_carts_cpu_2/inject_time.txt				ERROR
re2ss_carts_cpu_2/logs.parquet				ERROR
re2ss_carts_cpu_2/metrics.parquet				ERROR
re2ss_carts_cpu_3/inject_time.txt				ERROR
re2ss_carts_cpu_3/logs.parquet				ERROR
re2ss_carts_cpu_3/metrics.parquet				ERROR
re2ss_carts_delay_1/inject_time.txt				ERROR
re2ss_carts_delay_1/logs.parquet				ERROR
re2ss_carts_delay_1/metrics.parquet				ERROR
re2ss_carts_delay_2/inject_time.txt				ERROR
re2ss_carts_delay_2/logs.parquet				ERROR
re2ss_carts_delay_2/metrics.parquet				ERROR
re2ss_carts_delay_3/inject_time.txt				ERROR
re2ss_carts_delay_3/logs.parquet				ERROR
re2ss_carts_delay_3/metrics.parquet				ERROR
re2ss_carts_disk_1/inject_time.txt				ERROR
re2ss_carts_disk_1/logs.parquet				ERROR
re2ss_carts_disk_1/metrics.parquet				ERROR
re2ss_carts_disk_2/inject_time.txt				ERROR
re2ss_carts_disk_2/logs.parquet				ERROR
re2ss_carts_disk_2/metrics.parquet				ERROR
re2ss_carts_disk_3/inject_time.txt				ERROR
re2ss_carts_disk_3/logs.parquet				ERROR
re2ss_carts_disk_3/metrics.parquet				ERROR
re2ss_carts_loss_1/inject_time.txt				ERROR
re2ss_carts_loss_1/logs.parquet				ERROR
re2ss_carts_loss_1/metrics.parquet				ERROR
re2ss_carts_loss_2/inject_time.txt				ERROR
re2ss_carts_loss_2/logs.parquet				ERROR
re2ss_carts_loss_2/metrics.parquet				ERROR
re2ss_carts_loss_3/inject_time.txt				ERROR
re2ss_carts_loss_3/logs.parquet				ERROR
re2ss_carts_loss_3/metrics.parquet				ERROR
re2ss_carts_mem_1/inject_time.txt				ERROR
re2ss_carts_mem_1/logs.parquet				ERROR
re2ss_carts_mem_1/metrics.parquet				ERROR
re2ss_carts_mem_2/inject_time.txt				ERROR
re2ss_carts_mem_2/logs.parquet				ERROR
re2ss_carts_mem_2/metrics.parquet				ERROR
re2ss_carts_mem_3/inject_time.txt				ERROR
re2ss_carts_mem_3/logs.parquet				ERROR
re2ss_carts_mem_3/metrics.parquet				ERROR
re2ss_carts_socket_1/inject_time.txt				ERROR
re2ss_carts_socket_1/logs.parquet				ERROR
re2ss_carts_socket_1/metrics.parquet				ERROR
re2ss_carts_socket_2/inject_time.txt				ERROR
re2ss_carts_socket_2/logs.parquet				ERROR
re2ss_carts_socket_2/metrics.parquet				ERROR
re2ss_carts_socket_3/inject_time.txt				ERROR
re2ss_carts_socket_3/logs.parquet				ERROR
re2ss_carts_socket_3/metrics.parquet				ERROR
re2ss_catalogue_cpu_1/inject_time.txt				ERROR
re2ss_catalogue_cpu_1/logs.parquet				ERROR
re2ss_catalogue_cpu_1/metrics.parquet				ERROR
re2ss_catalogue_cpu_2/inject_time.txt				ERROR
re2ss_catalogue_cpu_2/logs.parquet				ERROR
re2ss_catalogue_cpu_2/metrics.parquet				ERROR
re2ss_catalogue_cpu_3/inject_time.txt				ERROR
re2ss_catalogue_cpu_3/logs.parquet				ERROR
re2ss_catalogue_cpu_3/metrics.parquet				ERROR
re2ss_catalogue_delay_1/inject_time.txt				ERROR
re2ss_catalogue_delay_1/logs.parquet				ERROR
re2ss_catalogue_delay_1/metrics.parquet				ERROR
re2ss_catalogue_delay_2/inject_time.txt				ERROR
re2ss_catalogue_delay_2/logs.parquet				ERROR
re2ss_catalogue_delay_2/metrics.parquet				ERROR
re2ss_catalogue_delay_3/inject_time.txt				ERROR
re2ss_catalogue_delay_3/logs.parquet				ERROR
re2ss_catalogue_delay_3/metrics.parquet				ERROR
re2ss_catalogue_disk_1/inject_time.txt				ERROR
re2ss_catalogue_disk_1/logs.parquet				ERROR
re2ss_catalogue_disk_1/metrics.parquet				ERROR
re2ss_catalogue_disk_2/inject_time.txt				ERROR
re2ss_catalogue_disk_2/logs.parquet				ERROR
re2ss_catalogue_disk_2/metrics.parquet				ERROR
re2ss_catalogue_disk_3/inject_time.txt				ERROR
re2ss_catalogue_disk_3/logs.parquet				ERROR
re2ss_catalogue_disk_3/metrics.parquet				ERROR
re2ss_catalogue_loss_1/inject_time.txt				ERROR
re2ss_catalogue_loss_1/logs.parquet				ERROR
re2ss_catalogue_loss_1/metrics.parquet				ERROR
re2ss_catalogue_loss_2/inject_time.txt				ERROR
re2ss_catalogue_loss_2/logs.parquet				ERROR
re2ss_catalogue_loss_2/metrics.parquet				ERROR
re2ss_catalogue_loss_3/inject_time.txt				ERROR
re2ss_catalogue_loss_3/logs.parquet				ERROR
re2ss_catalogue_loss_3/metrics.parquet				ERROR
re2ss_catalogue_mem_1/inject_time.txt				ERROR
re2ss_catalogue_mem_1/logs.parquet				ERROR
re2ss_catalogue_mem_1/metrics.parquet				ERROR
re2ss_catalogue_mem_2/inject_time.txt				ERROR
re2ss_catalogue_mem_2/logs.parquet				ERROR
re2ss_catalogue_mem_2/metrics.parquet				ERROR
re2ss_catalogue_mem_3/inject_time.txt				ERROR
re2ss_catalogue_mem_3/logs.parquet				ERROR
re2ss_catalogue_mem_3/metrics.parquet				ERROR
re2ss_catalogue_socket_1/inject_time.txt				ERROR
re2ss_catalogue_socket_1/logs.parquet				ERROR
re2ss_catalogue_socket_1/metrics.parquet				ERROR
re2ss_catalogue_socket_2/inject_time.txt				ERROR
re2ss_catalogue_socket_2/logs.parquet				ERROR
re2ss_catalogue_socket_2/metrics.parquet				ERROR
re2ss_catalogue_socket_3/inject_time.txt				ERROR
re2ss_catalogue_socket_3/logs.parquet				ERROR
re2ss_catalogue_socket_3/metrics.parquet				ERROR
re2ss_orders_cpu_1/inject_time.txt				ERROR
re2ss_orders_cpu_1/logs.parquet				ERROR
re2ss_orders_cpu_1/metrics.parquet				ERROR
re2ss_orders_cpu_2/inject_time.txt				ERROR
re2ss_orders_cpu_2/logs.parquet				ERROR
re2ss_orders_cpu_2/metrics.parquet				ERROR
re2ss_orders_cpu_3/inject_time.txt				ERROR
re2ss_orders_cpu_3/logs.parquet				ERROR
re2ss_orders_cpu_3/metrics.parquet				ERROR
re2ss_orders_delay_1/inject_time.txt				ERROR
re2ss_orders_delay_1/logs.parquet				ERROR
re2ss_orders_delay_1/metrics.parquet				ERROR
re2ss_orders_delay_2/inject_time.txt				ERROR
re2ss_orders_delay_2/logs.parquet				ERROR
re2ss_orders_delay_2/metrics.parquet				ERROR
re2ss_orders_delay_3/inject_time.txt				ERROR
re2ss_orders_delay_3/logs.parquet				ERROR
re2ss_orders_delay_3/metrics.parquet				ERROR
re2ss_orders_disk_1/inject_time.txt				ERROR
re2ss_orders_disk_1/logs.parquet				ERROR
re2ss_orders_disk_1/metrics.parquet				ERROR
re2ss_orders_disk_2/inject_time.txt				ERROR
re2ss_orders_disk_2/logs.parquet				ERROR
re2ss_orders_disk_2/metrics.parquet				ERROR
re2ss_orders_disk_3/inject_time.txt				ERROR
re2ss_orders_disk_3/logs.parquet				ERROR
re2ss_orders_disk_3/metrics.parquet				ERROR
re2ss_orders_loss_1/inject_time.txt				ERROR
re2ss_orders_loss_1/logs.parquet				ERROR
re2ss_orders_loss_1/metrics.parquet				ERROR
re2ss_orders_loss_2/inject_time.txt				ERROR
re2ss_orders_loss_2/logs.parquet				ERROR
re2ss_orders_loss_2/metrics.parquet				ERROR
re2ss_orders_loss_3/inject_time.txt				ERROR
re2ss_orders_loss_3/logs.parquet				ERROR
re2ss_orders_loss_3/metrics.parquet				ERROR
re2ss_orders_mem_1/inject_time.txt				ERROR
re2ss_orders_mem_1/logs.parquet				ERROR
re2ss_orders_mem_1/metrics.parquet				ERROR
re2ss_orders_mem_2/inject_time.txt				ERROR
re2ss_orders_mem_2/logs.parquet				ERROR
re2ss_orders_mem_2/metrics.parquet				ERROR
re2ss_orders_mem_3/inject_time.txt				ERROR
re2ss_orders_mem_3/logs.parquet				ERROR
re2ss_orders_mem_3/metrics.parquet				ERROR
re2ss_orders_socket_1/inject_time.txt				ERROR
re2ss_orders_socket_1/logs.parquet				ERROR
re2ss_orders_socket_1/metrics.parquet				ERROR
re2ss_orders_socket_2/inject_time.txt				ERROR
re2ss_orders_socket_2/logs.parquet				ERROR
re2ss_orders_socket_2/metrics.parquet				ERROR
re2ss_orders_socket_3/inject_time.txt				ERROR
re2ss_orders_socket_3/logs.parquet				ERROR
re2ss_orders_socket_3/metrics.parquet				ERROR
re2ss_payment_cpu_1/inject_time.txt				ERROR
re2ss_payment_cpu_1/logs.parquet				ERROR
re2ss_payment_cpu_1/metrics.parquet				ERROR
re2ss_payment_cpu_2/inject_time.txt				ERROR
re2ss_payment_cpu_2/logs.parquet				ERROR
re2ss_payment_cpu_2/metrics.parquet				ERROR
re2ss_payment_cpu_3/inject_time.txt				ERROR
re2ss_payment_cpu_3/logs.parquet				ERROR
re2ss_payment_cpu_3/metrics.parquet				ERROR
re2ss_payment_delay_1/inject_time.txt				ERROR
re2ss_payment_delay_1/logs.parquet				ERROR
re2ss_payment_delay_1/metrics.parquet				ERROR
re2ss_payment_delay_2/inject_time.txt				ERROR
re2ss_payment_delay_2/logs.parquet				ERROR
re2ss_payment_delay_2/metrics.parquet				ERROR
re2ss_payment_delay_3/inject_time.txt				ERROR
re2ss_payment_delay_3/logs.parquet				ERROR
re2ss_payment_delay_3/metrics.parquet				ERROR
re2ss_payment_disk_1/inject_time.txt				ERROR
re2ss_payment_disk_1/logs.parquet				ERROR
re2ss_payment_disk_1/metrics.parquet				ERROR
re2ss_payment_disk_2/inject_time.txt				ERROR
re2ss_payment_disk_2/logs.parquet				ERROR
re2ss_payment_disk_2/metrics.parquet				ERROR
re2ss_payment_disk_3/inject_time.txt				ERROR
re2ss_payment_disk_3/logs.parquet				ERROR
re2ss_payment_disk_3/metrics.parquet				ERROR
re2ss_payment_loss_1/inject_time.txt				ERROR
re2ss_payment_loss_1/logs.parquet				ERROR
re2ss_payment_loss_1/metrics.parquet				ERROR
re2ss_payment_loss_2/inject_time.txt				ERROR
re2ss_payment_loss_2/logs.parquet				ERROR
re2ss_payment_loss_2/metrics.parquet				ERROR
re2ss_payment_loss_3/inject_time.txt				ERROR
re2ss_payment_loss_3/logs.parquet				ERROR
re2ss_payment_loss_3/metrics.parquet				ERROR
re2ss_payment_mem_1/inject_time.txt				ERROR
re2ss_payment_mem_1/logs.parquet				ERROR
re2ss_payment_mem_1/metrics.parquet				ERROR
re2ss_payment_mem_2/inject_time.txt				ERROR
re2ss_payment_mem_2/logs.parquet				ERROR
re2ss_payment_mem_2/metrics.parquet				ERROR
re2ss_payment_mem_3/inject_time.txt				ERROR
re2ss_payment_mem_3/logs.parquet				ERROR
re2ss_payment_mem_3/metrics.parquet				ERROR
re2ss_payment_socket_1/inject_time.txt				ERROR
re2ss_payment_socket_1/logs.parquet				ERROR
re2ss_payment_socket_1/metrics.parquet				ERROR
re2ss_payment_socket_2/inject_time.txt				ERROR
re2ss_payment_socket_2/logs.parquet				ERROR
re2ss_payment_socket_2/metrics.parquet				ERROR
re2ss_payment_socket_3/inject_time.txt				ERROR
re2ss_payment_socket_3/logs.parquet				ERROR
re2ss_payment_socket_3/metrics.parquet				ERROR
re2ss_user_cpu_1/inject_time.txt				ERROR
re2ss_user_cpu_1/logs.parquet				ERROR
re2ss_user_cpu_1/metrics.parquet				ERROR
re2ss_user_cpu_2/inject_time.txt				ERROR
re2ss_user_cpu_2/logs.parquet				ERROR
re2ss_user_cpu_2/metrics.parquet				ERROR
re2ss_user_cpu_3/inject_time.txt				ERROR
re2ss_user_cpu_3/logs.parquet				ERROR
re2ss_user_cpu_3/metrics.parquet				ERROR
re2ss_user_delay_1/inject_time.txt				ERROR
re2ss_user_delay_1/logs.parquet				ERROR
re2ss_user_delay_1/metrics.parquet				ERROR
re2ss_user_delay_2/inject_time.txt				ERROR
re2ss_user_delay_2/logs.parquet				ERROR
re2ss_user_delay_2/metrics.parquet				ERROR
re2ss_user_delay_3/inject_time.txt				ERROR
re2ss_user_delay_3/logs.parquet				ERROR
re2ss_user_delay_3/metrics.parquet				ERROR
re2ss_user_disk_1/inject_time.txt				ERROR
re2ss_user_disk_1/logs.parquet				ERROR
re2ss_user_disk_1/metrics.parquet				ERROR
re2ss_user_disk_2/inject_time.txt				ERROR
re2ss_user_disk_2/logs.parquet				ERROR
re2ss_user_disk_2/metrics.parquet				ERROR
re2ss_user_disk_3/inject_time.txt				ERROR
re2ss_user_disk_3/logs.parquet				ERROR
re2ss_user_disk_3/metrics.parquet				ERROR
re2ss_user_loss_1/inject_time.txt				ERROR
re2ss_user_loss_1/logs.parquet				ERROR
re2ss_user_loss_1/metrics.parquet				ERROR
re2ss_user_loss_2/inject_time.txt				ERROR
re2ss_user_loss_2/logs.parquet				ERROR
re2ss_user_loss_2/metrics.parquet				ERROR
re2ss_user_loss_3/inject_time.txt				ERROR
re2ss_user_loss_3/logs.parquet				ERROR
re2ss_user_loss_3/metrics.parquet				ERROR
re2ss_user_mem_1/inject_time.txt				ERROR
re2ss_user_mem_1/logs.parquet				ERROR
re2ss_user_mem_1/metrics.parquet				ERROR
re2ss_user_mem_2/inject_time.txt				ERROR
re2ss_user_mem_2/logs.parquet				ERROR
re2ss_user_mem_2/metrics.parquet				ERROR
re2ss_user_mem_3/inject_time.txt				ERROR
re2ss_user_mem_3/logs.parquet				ERROR
re2ss_user_mem_3/metrics.parquet				ERROR
re2ss_user_socket_1/inject_time.txt				ERROR
re2ss_user_socket_1/logs.parquet				ERROR
re2ss_user_socket_1/metrics.parquet				ERROR
re2ss_user_socket_2/inject_time.txt				ERROR
re2ss_user_socket_2/logs.parquet				ERROR
re2ss_user_socket_2/metrics.parquet				ERROR
re2ss_user_socket_3/inject_time.txt				ERROR
re2ss_user_socket_3/logs.parquet				ERROR
re2ss_user_socket_3/metrics.parquet				ERROR
re2tt_ts-auth-service_cpu_1/inject_time.txt				ERROR
re2tt_ts-auth-service_cpu_1/metrics.parquet				ERROR
re2tt_ts-auth-service_cpu_1/traces.parquet				ERROR
re2tt_ts-auth-service_cpu_2/inject_time.txt				ERROR
re2tt_ts-auth-service_cpu_2/logs.parquet				ERROR
re2tt_ts-auth-service_cpu_2/metrics.parquet				ERROR
re2tt_ts-auth-service_cpu_2/traces.parquet				ERROR
re2tt_ts-auth-service_cpu_3/inject_time.txt				ERROR
re2tt_ts-auth-service_cpu_3/logs.parquet				ERROR
re2tt_ts-auth-service_cpu_3/metrics.parquet				ERROR
re2tt_ts-auth-service_cpu_3/traces.parquet				ERROR
re2tt_ts-auth-service_delay_1/inject_time.txt				ERROR
re2tt_ts-auth-service_delay_1/logs.parquet				ERROR
re2tt_ts-auth-service_delay_1/metrics.parquet				ERROR
re2tt_ts-auth-service_delay_1/traces.parquet				ERROR
re2tt_ts-auth-service_delay_2/inject_time.txt				ERROR
re2tt_ts-auth-service_delay_2/logs.parquet				ERROR
re2tt_ts-auth-service_delay_2/metrics.parquet				ERROR
re2tt_ts-auth-service_delay_2/traces.parquet				ERROR
re2tt_ts-auth-service_delay_3/inject_time.txt				ERROR
re2tt_ts-auth-service_delay_3/logs.parquet				ERROR
re2tt_ts-auth-service_delay_3/metrics.parquet				ERROR
re2tt_ts-auth-service_delay_3/traces.parquet				ERROR
re2tt_ts-auth-service_disk_1/inject_time.txt				ERROR
re2tt_ts-auth-service_disk_1/logs.parquet				ERROR
re2tt_ts-auth-service_disk_1/metrics.parquet				ERROR
re2tt_ts-auth-service_disk_1/traces.parquet				ERROR
re2tt_ts-auth-service_disk_2/inject_time.txt				ERROR
re2tt_ts-auth-service_disk_2/logs.parquet				ERROR
re2tt_ts-auth-service_disk_2/metrics.parquet				ERROR
re2tt_ts-auth-service_disk_2/traces.parquet				ERROR
re2tt_ts-auth-service_disk_3/inject_time.txt				ERROR
re2tt_ts-auth-service_disk_3/logs.parquet				ERROR
re2tt_ts-auth-service_disk_3/metrics.parquet				ERROR
re2tt_ts-auth-service_disk_3/traces.parquet				ERROR
re2tt_ts-auth-service_loss_1/inject_time.txt				ERROR
re2tt_ts-auth-service_loss_1/logs.parquet				ERROR
re2tt_ts-auth-service_loss_1/metrics.parquet				ERROR
re2tt_ts-auth-service_loss_1/traces.parquet				ERROR
re2tt_ts-auth-service_loss_2/inject_time.txt				ERROR
re2tt_ts-auth-service_loss_2/logs.parquet				ERROR
re2tt_ts-auth-service_loss_2/metrics.parquet				ERROR
re2tt_ts-auth-service_loss_2/traces.parquet				ERROR
re2tt_ts-auth-service_loss_3/inject_time.txt				ERROR
re2tt_ts-auth-service_loss_3/logs.parquet				ERROR
re2tt_ts-auth-service_loss_3/metrics.parquet				ERROR
re2tt_ts-auth-service_loss_3/traces.parquet				ERROR
re2tt_ts-auth-service_mem_1/inject_time.txt				ERROR
re2tt_ts-auth-service_mem_1/logs.parquet				ERROR
re2tt_ts-auth-service_mem_1/metrics.parquet				ERROR
re2tt_ts-auth-service_mem_1/traces.parquet				ERROR
re2tt_ts-auth-service_mem_2/inject_time.txt				ERROR
re2tt_ts-auth-service_mem_2/logs.parquet				ERROR
re2tt_ts-auth-service_mem_2/metrics.parquet				ERROR
re2tt_ts-auth-service_mem_2/traces.parquet				ERROR
re2tt_ts-auth-service_mem_3/inject_time.txt				ERROR
re2tt_ts-auth-service_mem_3/logs.parquet				ERROR
re2tt_ts-auth-service_mem_3/metrics.parquet				ERROR
re2tt_ts-auth-service_mem_3/traces.parquet				ERROR
re2tt_ts-auth-service_socket_1/inject_time.txt				ERROR
re2tt_ts-auth-service_socket_1/logs.parquet				ERROR
re2tt_ts-auth-service_socket_1/metrics.parquet				ERROR
re2tt_ts-auth-service_socket_1/traces.parquet				ERROR
re2tt_ts-auth-service_socket_2/inject_time.txt				ERROR
re2tt_ts-auth-service_socket_2/logs.parquet				ERROR
re2tt_ts-auth-service_socket_2/metrics.parquet				ERROR
re2tt_ts-auth-service_socket_2/traces.parquet				ERROR
re2tt_ts-auth-service_socket_3/inject_time.txt				ERROR
re2tt_ts-auth-service_socket_3/logs.parquet				ERROR
re2tt_ts-auth-service_socket_3/metrics.parquet				ERROR
re2tt_ts-auth-service_socket_3/traces.parquet				ERROR
re2tt_ts-order-service_cpu_1/inject_time.txt				ERROR
re2tt_ts-order-service_cpu_1/logs.parquet				ERROR
re2tt_ts-order-service_cpu_1/metrics.parquet				ERROR
re2tt_ts-order-service_cpu_1/traces.parquet				ERROR
re2tt_ts-order-service_cpu_2/inject_time.txt				ERROR
re2tt_ts-order-service_cpu_2/logs.parquet				ERROR
re2tt_ts-order-service_cpu_2/metrics.parquet				ERROR
re2tt_ts-order-service_cpu_2/traces.parquet				ERROR
re2tt_ts-order-service_cpu_3/inject_time.txt				ERROR
re2tt_ts-order-service_cpu_3/logs.parquet				ERROR
re2tt_ts-order-service_cpu_3/metrics.parquet				ERROR
re2tt_ts-order-service_cpu_3/traces.parquet				ERROR
re2tt_ts-order-service_delay_1/inject_time.txt				ERROR
re2tt_ts-order-service_delay_1/logs.parquet				ERROR
re2tt_ts-order-service_delay_1/metrics.parquet				ERROR
re2tt_ts-order-service_delay_1/traces.parquet				ERROR
re2tt_ts-order-service_delay_2/inject_time.txt				ERROR
re2tt_ts-order-service_delay_2/logs.parquet				ERROR
re2tt_ts-order-service_delay_2/metrics.parquet				ERROR
re2tt_ts-order-service_delay_2/traces.parquet				ERROR
re2tt_ts-order-service_delay_3/inject_time.txt				ERROR
re2tt_ts-order-service_delay_3/logs.parquet				ERROR
re2tt_ts-order-service_delay_3/metrics.parquet				ERROR
re2tt_ts-order-service_delay_3/traces.parquet				ERROR
re2tt_ts-order-service_disk_1/inject_time.txt				ERROR
re2tt_ts-order-service_disk_1/logs.parquet				ERROR
re2tt_ts-order-service_disk_1/metrics.parquet				ERROR
re2tt_ts-order-service_disk_1/traces.parquet				ERROR
re2tt_ts-order-service_disk_2/inject_time.txt				ERROR
re2tt_ts-order-service_disk_2/logs.parquet				ERROR
re2tt_ts-order-service_disk_2/metrics.parquet				ERROR
re2tt_ts-order-service_disk_2/traces.parquet				ERROR
re2tt_ts-order-service_disk_3/inject_time.txt				ERROR
re2tt_ts-order-service_disk_3/logs.parquet				ERROR
re2tt_ts-order-service_disk_3/metrics.parquet				ERROR
re2tt_ts-order-service_disk_3/traces.parquet				ERROR
re2tt_ts-order-service_loss_1/inject_time.txt				ERROR
re2tt_ts-order-service_loss_1/logs.parquet				ERROR
re2tt_ts-order-service_loss_1/metrics.parquet				ERROR
re2tt_ts-order-service_loss_1/traces.parquet				ERROR
re2tt_ts-order-service_loss_2/inject_time.txt				ERROR
re2tt_ts-order-service_loss_2/logs.parquet				ERROR
re2tt_ts-order-service_loss_2/metrics.parquet				ERROR
re2tt_ts-order-service_loss_2/traces.parquet				ERROR
re2tt_ts-order-service_loss_3/inject_time.txt				ERROR
re2tt_ts-order-service_loss_3/logs.parquet				ERROR
re2tt_ts-order-service_loss_3/metrics.parquet				ERROR
re2tt_ts-order-service_loss_3/traces.parquet				ERROR
re2tt_ts-order-service_mem_1/inject_time.txt				ERROR
re2tt_ts-order-service_mem_1/logs.parquet				ERROR
re2tt_ts-order-service_mem_1/metrics.parquet				ERROR
re2tt_ts-order-service_mem_1/traces.parquet				ERROR
re2tt_ts-order-service_mem_2/inject_time.txt				ERROR
re2tt_ts-order-service_mem_2/logs.parquet				ERROR
re2tt_ts-order-service_mem_2/metrics.parquet				ERROR
re2tt_ts-order-service_mem_2/traces.parquet				ERROR
re2tt_ts-order-service_mem_3/inject_time.txt				ERROR
re2tt_ts-order-service_mem_3/logs.parquet				ERROR
re2tt_ts-order-service_mem_3/metrics.parquet				ERROR
re2tt_ts-order-service_mem_3/traces.parquet				ERROR
re2tt_ts-order-service_socket_1/inject_time.txt				ERROR
re2tt_ts-order-service_socket_1/logs.parquet				ERROR
re2tt_ts-order-service_socket_1/metrics.parquet				ERROR
re2tt_ts-order-service_socket_1/traces.parquet				ERROR
re2tt_ts-order-service_socket_2/inject_time.txt				ERROR
re2tt_ts-order-service_socket_2/logs.parquet				ERROR
re2tt_ts-order-service_socket_2/metrics.parquet				ERROR
re2tt_ts-order-service_socket_2/traces.parquet				ERROR
re2tt_ts-order-service_socket_3/inject_time.txt				ERROR
re2tt_ts-order-service_socket_3/logs.parquet				ERROR
re2tt_ts-order-service_socket_3/metrics.parquet				ERROR
re2tt_ts-order-service_socket_3/traces.parquet				ERROR
re2tt_ts-route-service_cpu_1/inject_time.txt				ERROR
re2tt_ts-route-service_cpu_1/logs.parquet				ERROR
re2tt_ts-route-service_cpu_1/metrics.parquet				ERROR
re2tt_ts-route-service_cpu_1/traces.parquet				ERROR
re2tt_ts-route-service_cpu_2/inject_time.txt				ERROR
re2tt_ts-route-service_cpu_2/logs.parquet				ERROR
re2tt_ts-route-service_cpu_2/metrics.parquet				ERROR
re2tt_ts-route-service_cpu_2/traces.parquet				ERROR
re2tt_ts-route-service_cpu_3/inject_time.txt				ERROR
re2tt_ts-route-service_cpu_3/logs.parquet				ERROR
re2tt_ts-route-service_cpu_3/metrics.parquet				ERROR
re2tt_ts-route-service_cpu_3/traces.parquet				ERROR
re2tt_ts-route-service_delay_1/inject_time.txt				ERROR
re2tt_ts-route-service_delay_1/logs.parquet				ERROR
re2tt_ts-route-service_delay_1/metrics.parquet				ERROR
re2tt_ts-route-service_delay_1/traces.parquet				ERROR
re2tt_ts-route-service_delay_2/inject_time.txt				ERROR
re2tt_ts-route-service_delay_2/logs.parquet				ERROR
re2tt_ts-route-service_delay_2/metrics.parquet				ERROR
re2tt_ts-route-service_delay_2/traces.parquet				ERROR
re2tt_ts-route-service_delay_3/inject_time.txt				ERROR
re2tt_ts-route-service_delay_3/logs.parquet				ERROR
re2tt_ts-route-service_delay_3/metrics.parquet				ERROR
re2tt_ts-route-service_delay_3/traces.parquet				ERROR
re2tt_ts-route-service_disk_1/inject_time.txt				ERROR
re2tt_ts-route-service_disk_1/logs.parquet				ERROR
re2tt_ts-route-service_disk_1/metrics.parquet				ERROR
re2tt_ts-route-service_disk_1/traces.parquet				ERROR
re2tt_ts-route-service_disk_2/inject_time.txt				ERROR
re2tt_ts-route-service_disk_2/logs.parquet				ERROR
re2tt_ts-route-service_disk_2/metrics.parquet				ERROR
re2tt_ts-route-service_disk_2/traces.parquet				ERROR
re2tt_ts-route-service_disk_3/inject_time.txt				ERROR
re2tt_ts-route-service_disk_3/logs.parquet				ERROR
re2tt_ts-route-service_disk_3/metrics.parquet				ERROR
re2tt_ts-route-service_disk_3/traces.parquet				ERROR
re2tt_ts-route-service_loss_1/inject_time.txt				ERROR
re2tt_ts-route-service_loss_1/logs.parquet				ERROR
re2tt_ts-route-service_loss_1/metrics.parquet				ERROR
re2tt_ts-route-service_loss_1/traces.parquet				ERROR
re2tt_ts-route-service_loss_2/inject_time.txt				ERROR
re2tt_ts-route-service_loss_2/logs.parquet				ERROR
re2tt_ts-route-service_loss_2/metrics.parquet				ERROR
re2tt_ts-route-service_loss_2/traces.parquet				ERROR
re2tt_ts-route-service_loss_3/inject_time.txt				ERROR
re2tt_ts-route-service_loss_3/logs.parquet				ERROR
re2tt_ts-route-service_loss_3/metrics.parquet				ERROR
re2tt_ts-route-service_loss_3/traces.parquet				ERROR
re2tt_ts-route-service_mem_1/inject_time.txt				ERROR
re2tt_ts-route-service_mem_1/logs.parquet				ERROR
re2tt_ts-route-service_mem_1/metrics.parquet				ERROR
re2tt_ts-route-service_mem_1/traces.parquet				ERROR
re2tt_ts-route-service_mem_2/inject_time.txt				ERROR
re2tt_ts-route-service_mem_2/logs.parquet				ERROR
re2tt_ts-route-service_mem_2/metrics.parquet				ERROR
re2tt_ts-route-service_mem_2/traces.parquet				ERROR
re2tt_ts-route-service_mem_3/inject_time.txt				ERROR
re2tt_ts-route-service_mem_3/logs.parquet				ERROR
re2tt_ts-route-service_mem_3/metrics.parquet				ERROR
re2tt_ts-route-service_mem_3/traces.parquet				ERROR
re2tt_ts-route-service_socket_1/inject_time.txt				ERROR
re2tt_ts-route-service_socket_1/logs.parquet				ERROR
re2tt_ts-route-service_socket_1/metrics.parquet				ERROR
re2tt_ts-route-service_socket_1/traces.parquet				ERROR
re2tt_ts-route-service_socket_2/inject_time.txt				ERROR
re2tt_ts-route-service_socket_2/logs.parquet				ERROR
re2tt_ts-route-service_socket_2/metrics.parquet				ERROR
re2tt_ts-route-service_socket_2/traces.parquet				ERROR
re2tt_ts-route-service_socket_3/inject_time.txt				ERROR
re2tt_ts-route-service_socket_3/logs.parquet				ERROR
re2tt_ts-route-service_socket_3/metrics.parquet				ERROR
re2tt_ts-route-service_socket_3/traces.parquet				ERROR
re2tt_ts-train-service_cpu_1/inject_time.txt				ERROR
re2tt_ts-train-service_cpu_1/logs.parquet				ERROR
re2tt_ts-train-service_cpu_1/metrics.parquet				ERROR
re2tt_ts-train-service_cpu_1/traces.parquet				ERROR
re2tt_ts-train-service_cpu_2/inject_time.txt				ERROR
re2tt_ts-train-service_cpu_2/logs.parquet				ERROR
re2tt_ts-train-service_cpu_2/metrics.parquet				ERROR
re2tt_ts-train-service_cpu_2/traces.parquet				ERROR
re2tt_ts-train-service_cpu_3/inject_time.txt				ERROR
re2tt_ts-train-service_cpu_3/logs.parquet				ERROR
re2tt_ts-train-service_cpu_3/metrics.parquet				ERROR
re2tt_ts-train-service_cpu_3/traces.parquet				ERROR
re2tt_ts-train-service_delay_1/inject_time.txt				ERROR
re2tt_ts-train-service_delay_1/logs.parquet				ERROR
re2tt_ts-train-service_delay_1/metrics.parquet				ERROR
re2tt_ts-train-service_delay_1/traces.parquet				ERROR
re2tt_ts-train-service_delay_2/inject_time.txt				ERROR
re2tt_ts-train-service_delay_2/logs.parquet				ERROR
re2tt_ts-train-service_delay_2/metrics.parquet				ERROR
re2tt_ts-train-service_delay_2/traces.parquet				ERROR
re2tt_ts-train-service_delay_3/inject_time.txt				ERROR
re2tt_ts-train-service_delay_3/logs.parquet				ERROR
re2tt_ts-train-service_delay_3/metrics.parquet				ERROR
re2tt_ts-train-service_delay_3/traces.parquet				ERROR
re2tt_ts-train-service_disk_1/inject_time.txt				ERROR
re2tt_ts-train-service_disk_1/logs.parquet				ERROR
re2tt_ts-train-service_disk_1/metrics.parquet				ERROR
re2tt_ts-train-service_disk_1/traces.parquet				ERROR
re2tt_ts-train-service_disk_2/inject_time.txt				ERROR
re2tt_ts-train-service_disk_2/logs.parquet				ERROR
re2tt_ts-train-service_disk_2/metrics.parquet				ERROR
re2tt_ts-train-service_disk_2/traces.parquet				ERROR
re2tt_ts-train-service_disk_3/inject_time.txt				ERROR
re2tt_ts-train-service_disk_3/logs.parquet				ERROR
re2tt_ts-train-service_disk_3/metrics.parquet				ERROR
re2tt_ts-train-service_disk_3/traces.parquet				ERROR
re2tt_ts-train-service_loss_1/inject_time.txt				ERROR
re2tt_ts-train-service_loss_1/logs.parquet				ERROR
re2tt_ts-train-service_loss_1/metrics.parquet				ERROR
re2tt_ts-train-service_loss_1/traces.parquet				ERROR
re2tt_ts-train-service_loss_2/inject_time.txt				ERROR
re2tt_ts-train-service_loss_2/logs.parquet				ERROR
re2tt_ts-train-service_loss_2/metrics.parquet				ERROR
re2tt_ts-train-service_loss_2/traces.parquet				ERROR
re2tt_ts-train-service_loss_3/inject_time.txt				ERROR
re2tt_ts-train-service_loss_3/logs.parquet				ERROR
re2tt_ts-train-service_loss_3/metrics.parquet				ERROR
re2tt_ts-train-service_loss_3/traces.parquet				ERROR
re2tt_ts-train-service_mem_1/inject_time.txt				ERROR
re2tt_ts-train-service_mem_1/logs.parquet				ERROR
re2tt_ts-train-service_mem_1/metrics.parquet				ERROR
re2tt_ts-train-service_mem_1/traces.parquet				ERROR
re2tt_ts-train-service_mem_2/inject_time.txt				ERROR
re2tt_ts-train-service_mem_2/logs.parquet				ERROR
re2tt_ts-train-service_mem_2/metrics.parquet				ERROR
re2tt_ts-train-service_mem_2/traces.parquet				ERROR
re2tt_ts-train-service_mem_3/inject_time.txt				ERROR
re2tt_ts-train-service_mem_3/logs.parquet				ERROR
re2tt_ts-train-service_mem_3/metrics.parquet				ERROR
re2tt_ts-train-service_mem_3/traces.parquet				ERROR
re2tt_ts-train-service_socket_1/inject_time.txt				ERROR
re2tt_ts-train-service_socket_1/logs.parquet				ERROR
re2tt_ts-train-service_socket_1/metrics.parquet				ERROR
re2tt_ts-train-service_socket_1/traces.parquet				ERROR
re2tt_ts-train-service_socket_2/inject_time.txt				ERROR
re2tt_ts-train-service_socket_2/logs.parquet				ERROR
re2tt_ts-train-service_socket_2/metrics.parquet				ERROR
re2tt_ts-train-service_socket_2/traces.parquet				ERROR
re2tt_ts-train-service_socket_3/inject_time.txt				ERROR
re2tt_ts-train-service_socket_3/logs.parquet				ERROR
re2tt_ts-train-service_socket_3/metrics.parquet				ERROR
re2tt_ts-train-service_socket_3/traces.parquet				ERROR
re2tt_ts-travel-service_cpu_1/inject_time.txt				ERROR
re2tt_ts-travel-service_cpu_1/logs.parquet				ERROR
re2tt_ts-travel-service_cpu_1/metrics.parquet				ERROR
re2tt_ts-travel-service_cpu_1/traces.parquet				ERROR
re2tt_ts-travel-service_cpu_2/inject_time.txt				ERROR
re2tt_ts-travel-service_cpu_2/logs.parquet				ERROR
re2tt_ts-travel-service_cpu_2/metrics.parquet				ERROR
re2tt_ts-travel-service_cpu_2/traces.parquet				ERROR
re2tt_ts-travel-service_cpu_3/inject_time.txt				ERROR
re2tt_ts-travel-service_cpu_3/logs.parquet				ERROR
re2tt_ts-travel-service_cpu_3/metrics.parquet				ERROR
re2tt_ts-travel-service_cpu_3/traces.parquet				ERROR
re2tt_ts-travel-service_delay_1/inject_time.txt				ERROR
re2tt_ts-travel-service_delay_1/logs.parquet				ERROR
re2tt_ts-travel-service_delay_1/metrics.parquet				ERROR
re2tt_ts-travel-service_delay_1/traces.parquet				ERROR
re2tt_ts-travel-service_delay_2/inject_time.txt				ERROR
re2tt_ts-travel-service_delay_2/logs.parquet				ERROR
re2tt_ts-travel-service_delay_2/metrics.parquet				ERROR
re2tt_ts-travel-service_delay_2/traces.parquet				ERROR
re2tt_ts-travel-service_delay_3/inject_time.txt				ERROR
re2tt_ts-travel-service_delay_3/logs.parquet				ERROR
re2tt_ts-travel-service_delay_3/metrics.parquet				ERROR
re2tt_ts-travel-service_delay_3/traces.parquet				ERROR
re2tt_ts-travel-service_disk_1/inject_time.txt				ERROR
re2tt_ts-travel-service_disk_1/logs.parquet				ERROR
re2tt_ts-travel-service_disk_1/metrics.parquet				ERROR
re2tt_ts-travel-service_disk_1/traces.parquet				ERROR
re2tt_ts-travel-service_disk_2/inject_time.txt				ERROR
re2tt_ts-travel-service_disk_2/logs.parquet				ERROR
re2tt_ts-travel-service_disk_2/metrics.parquet				ERROR
re2tt_ts-travel-service_disk_2/traces.parquet				ERROR
re2tt_ts-travel-service_disk_3/inject_time.txt				ERROR
re2tt_ts-travel-service_disk_3/logs.parquet				ERROR
re2tt_ts-travel-service_disk_3/metrics.parquet				ERROR
re2tt_ts-travel-service_disk_3/traces.parquet				ERROR
re2tt_ts-travel-service_loss_1/inject_time.txt				ERROR
re2tt_ts-travel-service_loss_1/logs.parquet				ERROR
re2tt_ts-travel-service_loss_1/metrics.parquet				ERROR
re2tt_ts-travel-service_loss_1/traces.parquet				ERROR
re2tt_ts-travel-service_loss_2/inject_time.txt				ERROR
re2tt_ts-travel-service_loss_2/logs.parquet				ERROR
re2tt_ts-travel-service_loss_2/metrics.parquet				ERROR
re2tt_ts-travel-service_loss_2/traces.parquet				ERROR
re2tt_ts-travel-service_loss_3/inject_time.txt				ERROR
re2tt_ts-travel-service_loss_3/logs.parquet				ERROR
re2tt_ts-travel-service_loss_3/metrics.parquet				ERROR
re2tt_ts-travel-service_loss_3/traces.parquet				ERROR
re2tt_ts-travel-service_mem_1/inject_time.txt				ERROR
re2tt_ts-travel-service_mem_1/logs.parquet				ERROR
re2tt_ts-travel-service_mem_1/metrics.parquet				ERROR
re2tt_ts-travel-service_mem_1/traces.parquet				ERROR
re2tt_ts-travel-service_mem_2/inject_time.txt				ERROR
re2tt_ts-travel-service_mem_2/logs.parquet				ERROR
re2tt_ts-travel-service_mem_2/metrics.parquet				ERROR
re2tt_ts-travel-service_mem_2/traces.parquet				ERROR
re2tt_ts-travel-service_mem_3/inject_time.txt				ERROR
re2tt_ts-travel-service_mem_3/logs.parquet				ERROR
re2tt_ts-travel-service_mem_3/metrics.parquet				ERROR
re2tt_ts-travel-service_mem_3/traces.parquet				ERROR
re2tt_ts-travel-service_socket_1/inject_time.txt				ERROR
re2tt_ts-travel-service_socket_1/logs.parquet				ERROR
re2tt_ts-travel-service_socket_1/metrics.parquet				ERROR
re2tt_ts-travel-service_socket_1/traces.parquet				ERROR
re2tt_ts-travel-service_socket_2/inject_time.txt				ERROR
re2tt_ts-travel-service_socket_2/logs.parquet				ERROR
re2tt_ts-travel-service_socket_2/metrics.parquet				ERROR
re2tt_ts-travel-service_socket_2/traces.parquet				ERROR
re2tt_ts-travel-service_socket_3/inject_time.txt				ERROR
re2tt_ts-travel-service_socket_3/logs.parquet				ERROR
re2tt_ts-travel-service_socket_3/metrics.parquet				ERROR
re2tt_ts-travel-service_socket_3/traces.parquet				ERROR
re3ob_adservice_f3_1/inject_time.txt				ERROR
re3ob_adservice_f3_1/logs.parquet				ERROR
re3ob_adservice_f3_1/metrics.parquet				ERROR
re3ob_adservice_f3_1/traces.parquet				ERROR
re3ob_adservice_f3_2/inject_time.txt				ERROR
re3ob_adservice_f3_2/logs.parquet				ERROR
re3ob_adservice_f3_2/metrics.parquet				ERROR
re3ob_adservice_f3_2/traces.parquet				ERROR
re3ob_adservice_f3_3/inject_time.txt				ERROR
re3ob_adservice_f3_3/logs.parquet				ERROR
re3ob_adservice_f3_3/metrics.parquet				ERROR
re3ob_adservice_f3_3/traces.parquet				ERROR
re3ob_adservice_f4_1/inject_time.txt				ERROR
re3ob_adservice_f4_1/logs.parquet				ERROR
re3ob_adservice_f4_1/metrics.parquet				ERROR
re3ob_adservice_f4_1/traces.parquet				ERROR
re3ob_adservice_f4_2/inject_time.txt				ERROR
re3ob_adservice_f4_2/logs.parquet				ERROR
re3ob_adservice_f4_2/metrics.parquet				ERROR
re3ob_adservice_f4_2/traces.parquet				ERROR
re3ob_adservice_f4_3/inject_time.txt				ERROR
re3ob_adservice_f4_3/logs.parquet				ERROR
re3ob_adservice_f4_3/metrics.parquet				ERROR
re3ob_adservice_f4_3/traces.parquet				ERROR
re3ob_adservice_f5_1/inject_time.txt				ERROR
re3ob_adservice_f5_1/logs.parquet				ERROR
re3ob_adservice_f5_1/metrics.parquet				ERROR
re3ob_adservice_f5_1/traces.parquet				ERROR
re3ob_adservice_f5_2/inject_time.txt				ERROR
re3ob_adservice_f5_2/logs.parquet				ERROR
re3ob_adservice_f5_2/metrics.parquet				ERROR
re3ob_adservice_f5_2/traces.parquet				ERROR
re3ob_adservice_f5_3/inject_time.txt				ERROR
re3ob_adservice_f5_3/logs.parquet				ERROR
re3ob_adservice_f5_3/metrics.parquet				ERROR
re3ob_adservice_f5_3/traces.parquet				ERROR
re3ob_cartservice_f1_1/inject_time.txt				ERROR
re3ob_cartservice_f1_1/logs.parquet				ERROR
re3ob_cartservice_f1_1/metrics.parquet				ERROR
re3ob_cartservice_f1_1/traces.parquet				ERROR
re3ob_cartservice_f1_2/inject_time.txt				ERROR
re3ob_cartservice_f1_2/logs.parquet				ERROR
re3ob_cartservice_f1_2/metrics.parquet				ERROR
re3ob_cartservice_f1_2/traces.parquet				ERROR
re3ob_cartservice_f1_3/inject_time.txt				ERROR
re3ob_cartservice_f1_3/logs.parquet				ERROR
re3ob_cartservice_f1_3/metrics.parquet				ERROR
re3ob_cartservice_f1_3/traces.parquet				ERROR
re3ob_currencyservice_f1_1/inject_time.txt				ERROR
re3ob_currencyservice_f1_1/logs.parquet				ERROR
re3ob_currencyservice_f1_1/metrics.parquet				ERROR
re3ob_currencyservice_f1_1/traces.parquet				ERROR
re3ob_currencyservice_f1_2/inject_time.txt				ERROR
re3ob_currencyservice_f1_2/logs.parquet				ERROR
re3ob_currencyservice_f1_2/metrics.parquet				ERROR
re3ob_currencyservice_f1_2/traces.parquet				ERROR
re3ob_currencyservice_f1_3/inject_time.txt				ERROR
re3ob_currencyservice_f1_3/logs.parquet				ERROR
re3ob_currencyservice_f1_3/metrics.parquet				ERROR
re3ob_currencyservice_f1_3/traces.parquet				ERROR
re3ob_emailservice_f1_1/inject_time.txt				ERROR
re3ob_emailservice_f1_1/logs.parquet				ERROR
re3ob_emailservice_f1_1/metrics.parquet				ERROR
re3ob_emailservice_f1_1/traces.parquet				ERROR
re3ob_emailservice_f1_2/inject_time.txt				ERROR
re3ob_emailservice_f1_2/logs.parquet				ERROR
re3ob_emailservice_f1_2/metrics.parquet				ERROR
re3ob_emailservice_f1_2/traces.parquet				ERROR
re3ob_emailservice_f1_3/inject_time.txt				ERROR
re3ob_emailservice_f1_3/logs.parquet				ERROR
re3ob_emailservice_f1_3/metrics.parquet				ERROR
re3ob_emailservice_f1_3/traces.parquet				ERROR
re3ob_emailservice_f2_1/inject_time.txt				ERROR
re3ob_emailservice_f2_1/logs.parquet				ERROR
re3ob_emailservice_f2_1/metrics.parquet				ERROR
re3ob_emailservice_f2_1/traces.parquet				ERROR
re3ob_emailservice_f2_2/inject_time.txt				ERROR
re3ob_emailservice_f2_2/logs.parquet				ERROR
re3ob_emailservice_f2_2/metrics.parquet				ERROR
re3ob_emailservice_f2_2/traces.parquet				ERROR
re3ob_emailservice_f2_3/inject_time.txt				ERROR
re3ob_emailservice_f2_3/logs.parquet				ERROR
re3ob_emailservice_f2_3/metrics.parquet				ERROR
re3ob_emailservice_f2_3/traces.parquet				ERROR
re3ob_emailservice_f3_1/inject_time.txt				ERROR
re3ob_emailservice_f3_1/logs.parquet				ERROR
re3ob_emailservice_f3_1/metrics.parquet				ERROR
re3ob_emailservice_f3_1/traces.parquet				ERROR
re3ob_emailservice_f3_2/inject_time.txt				ERROR
re3ob_emailservice_f3_2/logs.parquet				ERROR
re3ob_emailservice_f3_2/metrics.parquet				ERROR
re3ob_emailservice_f3_2/traces.parquet				ERROR
re3ob_emailservice_f3_3/inject_time.txt				ERROR
re3ob_emailservice_f3_3/logs.parquet				ERROR
re3ob_emailservice_f3_3/metrics.parquet				ERROR
re3ob_emailservice_f3_3/traces.parquet				ERROR
re3ob_emailservice_f4_1/inject_time.txt				ERROR
re3ob_emailservice_f4_1/logs.parquet				ERROR
re3ob_emailservice_f4_1/metrics.parquet				ERROR
re3ob_emailservice_f4_1/traces.parquet				ERROR
re3ob_emailservice_f4_2/inject_time.txt				ERROR
re3ob_emailservice_f4_2/logs.parquet				ERROR
re3ob_emailservice_f4_2/metrics.parquet				ERROR
re3ob_emailservice_f4_2/traces.parquet				ERROR
re3ob_emailservice_f4_3/inject_time.txt				ERROR
re3ob_emailservice_f4_3/logs.parquet				ERROR
re3ob_emailservice_f4_3/metrics.parquet				ERROR
re3ob_emailservice_f4_3/traces.parquet				ERROR
re3ob_emailservice_f5_1/inject_time.txt				ERROR
re3ob_emailservice_f5_1/logs.parquet				ERROR
re3ob_emailservice_f5_1/metrics.parquet				ERROR
re3ob_emailservice_f5_1/traces.parquet				ERROR
re3ob_emailservice_f5_2/inject_time.txt				ERROR
re3ob_emailservice_f5_2/logs.parquet				ERROR
re3ob_emailservice_f5_2/metrics.parquet				ERROR
re3ob_emailservice_f5_2/traces.parquet				ERROR
re3ob_emailservice_f5_3/inject_time.txt				ERROR
re3ob_emailservice_f5_3/logs.parquet				ERROR
re3ob_emailservice_f5_3/metrics.parquet				ERROR
re3ob_emailservice_f5_3/traces.parquet				ERROR
re3ss_carts_f1_1/inject_time.txt				ERROR
re3ss_carts_f1_1/logs.parquet				ERROR
re3ss_carts_f1_1/metrics.parquet				ERROR
re3ss_carts_f1_1/root_cause.txt				ERROR
re3ss_carts_f1_2/inject_time.txt				ERROR
re3ss_carts_f1_2/logs.parquet				ERROR
re3ss_carts_f1_2/metrics.parquet				ERROR
re3ss_carts_f1_2/root_cause.txt				ERROR
re3ss_carts_f1_3/inject_time.txt				ERROR
re3ss_carts_f1_3/logs.parquet				ERROR
re3ss_carts_f1_3/metrics.parquet				ERROR
re3ss_carts_f1_4/inject_time.txt				ERROR
re3ss_carts_f1_4/logs.parquet				ERROR
re3ss_carts_f1_4/metrics.parquet				ERROR
re3ss_carts_f3_1/inject_time.txt				ERROR
re3ss_carts_f3_1/logs.parquet				ERROR
re3ss_carts_f3_1/metrics.parquet				ERROR
re3ss_carts_f3_1/root_cause.txt				ERROR
re3ss_carts_f3_2/inject_time.txt				ERROR
re3ss_carts_f3_2/logs.parquet				ERROR
re3ss_carts_f3_2/metrics.parquet				ERROR
re3ss_carts_f3_2/root_cause.txt				ERROR
re3ss_carts_f3_3/inject_time.txt				ERROR
re3ss_carts_f3_3/logs.parquet				ERROR
re3ss_carts_f3_3/metrics.parquet				ERROR
re3ss_carts_f3_4/inject_time.txt				ERROR
re3ss_carts_f3_4/logs.parquet				ERROR
re3ss_carts_f3_4/metrics.parquet				ERROR
re3ss_carts_f4_1/inject_time.txt				ERROR
re3ss_carts_f4_1/logs.parquet				ERROR
re3ss_carts_f4_1/metrics.parquet				ERROR
re3ss_carts_f4_2/inject_time.txt				ERROR
re3ss_carts_f4_2/logs.parquet				ERROR
re3ss_carts_f4_2/metrics.parquet				ERROR
re3ss_carts_f4_3/inject_time.txt				ERROR
re3ss_carts_f4_3/logs.parquet				ERROR
re3ss_carts_f4_3/metrics.parquet				ERROR
re3ss_carts_f4_4/inject_time.txt				ERROR
re3ss_carts_f4_4/logs.parquet				ERROR
re3ss_carts_f4_4/metrics.parquet				ERROR
re3ss_front-end_f1_1/inject_time.txt				ERROR
re3ss_front-end_f1_1/logs.parquet				ERROR
re3ss_front-end_f1_1/metrics.parquet				ERROR
re3ss_front-end_f1_1/root_cause.txt				ERROR
re3ss_front-end_f1_2/inject_time.txt				ERROR
re3ss_front-end_f1_2/logs.parquet				ERROR
re3ss_front-end_f1_2/metrics.parquet				ERROR
re3ss_front-end_f1_2/root_cause.txt				ERROR
re3ss_front-end_f1_3/inject_time.txt				ERROR
re3ss_front-end_f1_3/logs.parquet				ERROR
re3ss_front-end_f1_3/metrics.parquet				ERROR
re3ss_front-end_f2_1/inject_time.txt				ERROR
re3ss_front-end_f2_1/logs.parquet				ERROR
re3ss_front-end_f2_1/metrics.parquet				ERROR
re3ss_front-end_f2_1/root_cause.txt				ERROR
re3ss_front-end_f2_2/inject_time.txt				ERROR
re3ss_front-end_f2_2/logs.parquet				ERROR
re3ss_front-end_f2_2/metrics.parquet				ERROR
re3ss_front-end_f2_2/root_cause.txt				ERROR
re3ss_front-end_f2_3/inject_time.txt				ERROR
re3ss_front-end_f2_3/logs.parquet				ERROR
re3ss_front-end_f2_3/metrics.parquet				ERROR
re3ss_front-end_f3_1/inject_time.txt				ERROR
re3ss_front-end_f3_1/logs.parquet				ERROR
re3ss_front-end_f3_1/metrics.parquet				ERROR
re3ss_front-end_f3_2/inject_time.txt				ERROR
re3ss_front-end_f3_2/logs.parquet				ERROR
re3ss_front-end_f3_2/metrics.parquet				ERROR
re3ss_front-end_f3_3/inject_time.txt				ERROR
re3ss_front-end_f3_3/logs.parquet				ERROR
re3ss_front-end_f3_3/metrics.parquet				ERROR
re3ss_orders_f1_1/inject_time.txt				ERROR
re3ss_orders_f1_1/logs.parquet				ERROR
re3ss_orders_f1_1/metrics.parquet				ERROR
re3ss_orders_f1_2/inject_time.txt				ERROR
re3ss_orders_f1_2/logs.parquet				ERROR
re3ss_orders_f1_2/metrics.parquet				ERROR
re3ss_orders_f1_3/inject_time.txt				ERROR
re3ss_orders_f1_3/logs.parquet				ERROR
re3ss_orders_f1_3/metrics.parquet				ERROR
re3ss_orders_f3_1/inject_time.txt				ERROR
re3ss_orders_f3_1/logs.parquet				ERROR
re3ss_orders_f3_1/metrics.parquet				ERROR
re3ss_orders_f3_2/inject_time.txt				ERROR
re3ss_orders_f3_2/logs.parquet				ERROR
re3ss_orders_f3_2/metrics.parquet				ERROR
re3ss_orders_f3_3/inject_time.txt				ERROR
re3ss_orders_f3_3/logs.parquet				ERROR
re3ss_orders_f3_3/metrics.parquet				ERROR
re3ss_orders_f4_1/inject_time.txt				ERROR
re3ss_orders_f4_1/logs.parquet				ERROR
re3ss_orders_f4_1/metrics.parquet				ERROR
re3ss_orders_f4_2/inject_time.txt				ERROR
re3ss_orders_f4_2/logs.parquet				ERROR
re3ss_orders_f4_2/metrics.parquet				ERROR
re3ss_orders_f4_3/inject_time.txt				ERROR
re3ss_orders_f4_3/logs.parquet				ERROR
re3ss_orders_f4_3/metrics.parquet				ERROR
re3tt_ts-auth-service_f1_1/inject_time.txt				ERROR
re3tt_ts-auth-service_f1_1/logs.parquet				ERROR
re3tt_ts-auth-service_f1_1/metrics.parquet				ERROR
re3tt_ts-auth-service_f1_1/traces.parquet				ERROR
re3tt_ts-auth-service_f1_2/inject_time.txt				ERROR
re3tt_ts-auth-service_f1_2/logs.parquet				ERROR
re3tt_ts-auth-service_f1_2/metrics.parquet				ERROR
re3tt_ts-auth-service_f1_2/traces.parquet				ERROR
re3tt_ts-auth-service_f1_3/inject_time.txt				ERROR
re3tt_ts-auth-service_f1_3/logs.parquet				ERROR
re3tt_ts-auth-service_f1_3/metrics.parquet				ERROR
re3tt_ts-auth-service_f1_3/traces.parquet				ERROR
re3tt_ts-auth-service_f1_4/inject_time.txt				ERROR
re3tt_ts-auth-service_f1_4/logs.parquet				ERROR
re3tt_ts-auth-service_f1_4/metrics.parquet				ERROR
re3tt_ts-auth-service_f1_4/traces.parquet				ERROR
re3tt_ts-auth-service_f2_1/inject_time.txt				ERROR
re3tt_ts-auth-service_f2_1/logs.parquet				ERROR
re3tt_ts-auth-service_f2_1/metrics.parquet				ERROR
re3tt_ts-auth-service_f2_1/traces.parquet				ERROR
re3tt_ts-auth-service_f2_2/inject_time.txt				ERROR
re3tt_ts-auth-service_f2_2/logs.parquet				ERROR
re3tt_ts-auth-service_f2_2/metrics.parquet				ERROR
re3tt_ts-auth-service_f2_2/traces.parquet				ERROR
re3tt_ts-auth-service_f2_3/inject_time.txt				ERROR
re3tt_ts-auth-service_f2_3/logs.parquet				ERROR
re3tt_ts-auth-service_f2_3/metrics.parquet				ERROR
re3tt_ts-auth-service_f2_3/traces.parquet				ERROR
re3tt_ts-auth-service_f2_4/inject_time.txt				ERROR
re3tt_ts-auth-service_f2_4/logs.parquet				ERROR
re3tt_ts-auth-service_f2_4/metrics.parquet				ERROR
re3tt_ts-auth-service_f2_4/traces.parquet				ERROR
re3tt_ts-auth-service_f3_1/inject_time.txt				ERROR
re3tt_ts-auth-service_f3_1/logs.parquet				ERROR
re3tt_ts-auth-service_f3_1/metrics.parquet				ERROR
re3tt_ts-auth-service_f3_1/traces.parquet				ERROR
re3tt_ts-auth-service_f3_2/inject_time.txt				ERROR
re3tt_ts-auth-service_f3_2/logs.parquet				ERROR
re3tt_ts-auth-service_f3_2/metrics.parquet				ERROR
re3tt_ts-auth-service_f3_2/traces.parquet				ERROR
re3tt_ts-auth-service_f3_3/inject_time.txt				ERROR
re3tt_ts-auth-service_f3_3/logs.parquet				ERROR
re3tt_ts-auth-service_f3_3/metrics.parquet				ERROR
re3tt_ts-auth-service_f3_3/traces.parquet				ERROR
re3tt_ts-auth-service_f3_4/inject_time.txt				ERROR
re3tt_ts-auth-service_f3_4/logs.parquet				ERROR
re3tt_ts-auth-service_f3_4/metrics.parquet				ERROR
re3tt_ts-auth-service_f3_4/traces.parquet				ERROR
re3tt_ts-auth-service_f4_1/inject_time.txt				ERROR
re3tt_ts-auth-service_f4_1/logs.parquet				ERROR
re3tt_ts-auth-service_f4_1/metrics.parquet				ERROR
re3tt_ts-auth-service_f4_1/traces.parquet				ERROR
re3tt_ts-auth-service_f4_2/inject_time.txt				ERROR
re3tt_ts-auth-service_f4_2/logs.parquet				ERROR
re3tt_ts-auth-service_f4_2/metrics.parquet				ERROR
re3tt_ts-auth-service_f4_2/traces.parquet				ERROR
re3tt_ts-auth-service_f4_3/inject_time.txt				ERROR
re3tt_ts-auth-service_f4_3/logs.parquet				ERROR
re3tt_ts-auth-service_f4_3/metrics.parquet				ERROR
re3tt_ts-auth-service_f4_3/traces.parquet				ERROR
re3tt_ts-route-service_f1_1/inject_time.txt				ERROR
re3tt_ts-route-service_f1_1/logs.parquet				ERROR
re3tt_ts-route-service_f1_1/metrics.parquet				ERROR
re3tt_ts-route-service_f1_1/traces.parquet				ERROR
re3tt_ts-route-service_f1_2/inject_time.txt				ERROR
re3tt_ts-route-service_f1_2/logs.parquet				ERROR
re3tt_ts-route-service_f1_2/metrics.parquet				ERROR
re3tt_ts-route-service_f1_2/traces.parquet				ERROR
re3tt_ts-route-service_f1_3/inject_time.txt				ERROR
re3tt_ts-route-service_f1_3/logs.parquet				ERROR
re3tt_ts-route-service_f1_3/metrics.parquet				ERROR
re3tt_ts-route-service_f1_3/traces.parquet				ERROR
re3tt_ts-route-service_f2_1/inject_time.txt				ERROR
re3tt_ts-route-service_f2_1/logs.parquet				ERROR
re3tt_ts-route-service_f2_1/metrics.parquet				ERROR
re3tt_ts-route-service_f2_1/traces.parquet				ERROR
re3tt_ts-route-service_f2_2/inject_time.txt				ERROR
re3tt_ts-route-service_f2_2/logs.parquet				ERROR
re3tt_ts-route-service_f2_2/metrics.parquet				ERROR
re3tt_ts-route-service_f2_2/traces.parquet				ERROR
re3tt_ts-route-service_f2_3/inject_time.txt				ERROR
re3tt_ts-route-service_f2_3/logs.parquet				ERROR
re3tt_ts-route-service_f2_3/metrics.parquet				ERROR
re3tt_ts-route-service_f2_3/traces.parquet				ERROR
re3tt_ts-route-service_f3_1/inject_time.txt				ERROR
re3tt_ts-route-service_f3_1/logs.parquet				ERROR
re3tt_ts-route-service_f3_1/metrics.parquet				ERROR
re3tt_ts-route-service_f3_1/traces.parquet				ERROR
re3tt_ts-route-service_f3_2/inject_time.txt				ERROR
re3tt_ts-route-service_f3_2/logs.parquet				ERROR
re3tt_ts-route-service_f3_2/metrics.parquet				ERROR
re3tt_ts-route-service_f3_2/traces.parquet				ERROR
re3tt_ts-route-service_f3_3/inject_time.txt				ERROR
re3tt_ts-route-service_f3_3/logs.parquet				ERROR
re3tt_ts-route-service_f3_3/metrics.parquet				ERROR
re3tt_ts-route-service_f3_3/traces.parquet				ERROR
re3tt_ts-route-service_f3_4/inject_time.txt				ERROR
re3tt_ts-route-service_f3_4/logs.parquet				ERROR
re3tt_ts-route-service_f3_4/metrics.parquet				ERROR
re3tt_ts-route-service_f3_4/traces.parquet				ERROR
re3tt_ts-route-service_f3_5/inject_time.txt				ERROR
re3tt_ts-route-service_f3_5/logs.parquet				ERROR
re3tt_ts-route-service_f3_5/metrics.parquet				ERROR
re3tt_ts-route-service_f3_5/traces.parquet				ERROR
re3tt_ts-route-service_f3_6/inject_time.txt				ERROR
re3tt_ts-route-service_f3_6/logs.parquet				ERROR
re3tt_ts-route-service_f3_6/metrics.parquet				ERROR
re3tt_ts-route-service_f3_6/traces.parquet				ERROR
re3tt_ts-route-service_f4_1/inject_time.txt				ERROR
re3tt_ts-route-service_f4_1/logs.parquet				ERROR
re3tt_ts-route-service_f4_1/metrics.parquet				ERROR
re3tt_ts-route-service_f4_1/traces.parquet				ERROR
re3tt_ts-route-service_f4_2/inject_time.txt				ERROR
re3tt_ts-route-service_f4_2/logs.parquet				ERROR
re3tt_ts-route-service_f4_2/metrics.parquet				ERROR
re3tt_ts-route-service_f4_2/traces.parquet				ERROR
re3tt_ts-route-service_f4_3/inject_time.txt				ERROR
re3tt_ts-route-service_f4_3/logs.parquet				ERROR
re3tt_ts-route-service_f4_3/metrics.parquet				ERROR
re3tt_ts-route-service_f4_3/traces.parquet				ERROR
